,Survived,Pclass,Sex,Embarked,Title,AgeC,FamilySize,Alone,NameLength,FareC,Position,Pair
0,0,3,0,0,0,1.0,1,0,23,0.0,U,0
1,1,1,1,1,2,2.0,1,0,51,3.0,3,1
2,1,3,1,0,1,1.0,0,1,22,1.0,U,0
3,1,1,1,0,2,2.0,1,0,44,3.0,3,1
4,0,3,0,0,0,2.0,0,1,24,1.0,U,0
5,0,3,0,2,0,1.0,0,1,16,1.0,U,0
6,0,1,0,0,0,3.0,0,1,23,3.0,5,0
7,0,3,0,0,3,0.0,4,0,30,2.0,U,0
8,1,3,1,0,2,1.0,2,0,49,1.0,U,0
9,1,2,1,1,2,0.0,1,0,35,2.0,U,0
10,1,3,1,0,1,0.0,2,0,31,2.0,7,0
11,1,1,1,0,1,3.0,0,1,24,2.0,3,1
12,0,3,0,0,0,1.0,0,1,30,1.0,U,0
13,0,3,0,0,0,2.0,6,0,27,3.0,U,0
14,0,3,1,0,1,0.0,0,1,36,0.0,U,0
15,1,2,1,0,2,3.0,0,1,32,2.0,U,0
16,0,3,0,2,3,0.0,5,0,20,2.0,U,0
17,1,2,0,0,0,1.0,0,1,28,1.0,U,0
18,0,3,1,0,2,1.0,1,0,55,2.0,U,0
19,1,3,1,1,2,1.0,0,1,23,0.0,U,0
20,0,2,0,0,0,2.0,0,1,20,2.0,U,0
21,1,2,0,0,0,1.0,0,1,21,1.0,4,0
22,1,3,1,2,1,1.0,0,1,27,1.0,U,0
23,1,1,0,0,0,1.0,0,1,28,3.0,1,0
24,0,3,1,0,1,0.0,4,0,29,2.0,U,0
25,1,3,1,0,2,2.0,6,0,57,3.0,U,0
26,0,3,0,1,0,1.0,0,1,23,0.0,U,0
27,0,1,0,0,0,1.0,5,0,30,3.0,3,1
28,1,3,1,2,1,1.0,0,1,29,0.0,U,0
29,0,3,0,0,0,1.0,0,1,19,0.0,U,0
30,0,1,0,1,4,2.0,0,1,24,2.0,U,0
31,1,1,1,1,2,1.0,1,0,46,3.0,2,0
32,1,3,1,2,1,1.0,0,1,24,0.0,U,0
33,0,2,0,0,0,3.0,0,1,21,1.0,U,0
34,0,1,0,1,0,1.0,1,0,23,3.0,U,0
35,0,1,0,0,0,2.0,1,0,30,3.0,U,0
36,1,3,0,1,0,1.0,0,1,16,0.0,U,0
37,0,3,0,0,0,1.0,0,1,24,1.0,U,0
38,0,3,1,0,1,1.0,2,0,34,2.0,U,0
39,1,3,1,1,1,0.0,1,0,27,1.0,U,0
40,0,3,1,0,2,2.0,1,0,46,1.0,U,0
41,0,2,1,0,2,1.0,1,0,56,2.0,U,0
42,0,3,0,1,0,1.0,0,1,19,0.0,U,0
43,1,2,1,1,1,0.0,3,0,40,3.0,U,0
44,1,3,1,2,1,1.0,0,1,29,0.0,U,0
45,0,3,0,0,0,1.0,0,1,24,1.0,U,0
46,0,3,0,2,0,1.0,1,0,17,2.0,U,0
47,1,3,1,2,1,1.0,0,1,25,0.0,U,0
48,0,3,0,1,0,1.0,2,0,19,2.0,U,0
49,0,3,1,0,2,1.0,1,0,45,2.0,U,0
50,0,3,0,0,3,0.0,5,0,26,3.0,U,0
51,0,3,0,0,0,1.0,0,1,28,0.0,U,0
52,1,1,1,1,2,2.0,1,0,40,3.0,4,1
53,1,2,1,0,2,1.0,1,0,50,2.0,U,0
54,0,1,0,1,0,3.0,1,0,30,3.0,2,0
55,1,1,0,0,0,2.0,0,1,17,3.0,3,0
56,1,2,1,0,1,1.0,0,1,17,1.0,U,0
57,0,3,0,1,0,1.0,0,1,19,0.0,U,0
58,1,2,1,0,1,0.0,3,0,28,2.0,U,0
59,0,3,0,0,3,0.0,7,0,34,3.0,U,0
60,0,3,0,1,0,1.0,0,1,21,0.0,U,0
61,1,1,1,0,1,2.0,0,1,19,3.0,2,0
62,0,1,0,0,0,2.0,1,0,27,3.0,3,1
63,0,3,0,0,3,0.0,5,0,21,2.0,U,0
64,0,1,0,1,0,2.0,0,1,21,2.0,U,0
65,1,3,0,1,3,0.0,2,0,24,2.0,U,0
66,1,2,1,0,2,1.0,0,1,28,1.0,6,1
67,0,3,0,0,0,1.0,0,1,24,1.0,U,0
68,1,3,1,0,1,1.0,6,0,31,1.0,U,0
69,0,3,0,0,0,1.0,2,0,17,1.0,U,0
70,0,2,0,0,0,1.0,0,1,26,1.0,U,0
71,0,3,1,0,1,1.0,7,0,26,3.0,U,0
72,0,2,0,0,0,1.0,0,1,20,3.0,U,0
73,0,3,0,1,0,1.0,1,0,27,1.0,U,0
74,1,3,0,0,0,1.0,0,1,13,3.0,U,0
75,0,3,0,0,0,1.0,0,1,23,0.0,6,1
76,0,3,0,0,0,1.0,0,1,17,0.0,U,0
77,0,3,0,0,0,1.0,0,1,24,1.0,U,0
78,1,2,0,0,3,0.0,2,0,29,2.0,U,0
79,1,3,1,0,1,1.0,0,1,24,1.0,U,0
80,0,3,0,0,0,1.0,0,1,20,1.0,U,0
81,1,3,0,0,0,1.0,0,1,27,1.0,U,0
82,1,3,1,2,1,1.0,0,1,30,0.0,U,0
83,0,1,0,0,0,1.0,0,1,23,3.0,U,0
84,1,2,1,0,1,1.0,0,1,19,1.0,U,0
85,1,3,1,0,2,1.0,3,0,55,2.0,U,0
86,0,3,0,0,0,1.0,4,0,22,3.0,U,0
87,0,3,0,0,0,1.0,0,1,29,1.0,U,0
88,1,1,1,0,1,1.0,5,0,26,3.0,3,1
89,0,3,0,0,0,1.0,0,1,22,1.0,U,0
90,0,3,0,0,0,1.0,0,1,20,1.0,U,0
91,0,3,0,0,0,1.0,0,1,26,0.0,U,0
92,0,1,0,0,0,2.0,1,0,27,3.0,5,1
93,0,3,0,0,0,1.0,3,0,23,2.0,U,0
94,0,3,0,0,0,3.0,0,1,17,0.0,U,0
95,0,3,0,0,0,1.0,0,1,27,1.0,U,0
96,0,1,0,1,0,3.0,0,1,25,3.0,1,1
97,1,1,0,1,0,1.0,1,0,31,3.0,4,0
98,1,2,1,0,2,1.0,1,0,36,2.0,U,0
99,0,2,0,0,0,1.0,1,0,17,2.0,U,0
100,0,3,1,0,1,1.0,0,1,23,0.0,U,0
101,0,3,0,0,0,1.0,0,1,32,0.0,U,0
102,0,1,0,0,0,1.0,1,0,25,3.0,4,0
103,0,3,0,0,0,1.0,0,1,26,1.0,U,0
104,0,3,0,0,0,2.0,2,0,30,1.0,U,0
105,0,3,0,0,0,1.0,0,1,21,0.0,U,0
106,1,3,1,0,1,1.0,0,1,32,0.0,U,0
107,1,3,0,0,0,1.0,0,1,22,0.0,U,0
108,0,3,0,0,0,2.0,0,1,15,0.0,U,0
109,1,3,1,2,1,1.0,1,0,19,2.0,U,0
110,0,1,0,0,0,2.0,0,1,30,3.0,3,0
111,0,3,1,1,1,1.0,1,0,20,1.0,U,0
112,0,3,0,0,0,1.0,0,1,22,1.0,U,0
113,0,3,1,0,1,1.0,1,0,23,1.0,U,0
114,0,3,1,1,1,1.0,0,1,21,1.0,U,0
115,0,3,0,0,0,1.0,0,1,21,1.0,U,0
116,0,3,0,2,0,3.0,0,1,20,0.0,U,0
117,0,2,0,0,0,1.0,1,0,31,2.0,U,0
118,0,1,0,1,0,1.0,1,0,24,3.0,2,0
119,0,3,1,0,1,0.0,6,0,33,3.0,U,0
120,0,2,0,0,0,1.0,2,0,27,3.0,U,0
121,0,3,0,0,0,1.0,0,1,26,1.0,U,0
122,0,2,0,1,0,1.0,1,0,20,2.0,U,0
123,1,2,1,0,1,1.0,0,1,19,1.0,5,1
124,0,1,0,0,0,3.0,1,0,27,3.0,4,0
125,1,3,0,1,3,0.0,1,0,28,1.0,U,0
126,0,3,0,2,0,2.0,0,1,19,0.0,U,0
127,1,3,0,0,0,1.0,0,1,25,0.0,U,0
128,1,3,1,1,1,0.0,2,0,17,2.0,6,1
129,0,3,0,0,0,2.0,0,1,18,0.0,U,0
130,0,3,0,1,0,1.0,0,1,20,0.0,U,0
131,0,3,0,0,0,1.0,0,1,30,0.0,U,0
132,0,3,1,0,2,2.0,1,0,46,1.0,U,0
133,1,2,1,0,2,1.0,1,0,45,2.0,U,0
134,0,2,0,0,0,1.0,0,1,30,1.0,U,0
135,0,2,0,1,0,1.0,0,1,18,2.0,U,0
136,1,1,1,0,1,1.0,2,0,28,2.0,4,1
137,0,1,0,0,0,2.0,1,0,27,3.0,3,1
138,0,3,0,0,0,1.0,0,1,19,1.0,U,0
139,0,1,0,1,0,1.0,0,1,18,3.0,2,0
140,0,3,1,1,2,1.0,2,0,29,2.0,U,0
141,1,3,1,0,1,1.0,0,1,24,0.0,U,0
142,1,3,1,0,2,1.0,1,0,52,2.0,U,0
143,0,3,0,2,0,1.0,0,1,19,0.0,U,0
144,0,2,0,0,0,1.0,0,1,26,1.0,U,0
145,0,2,0,0,0,1.0,2,0,28,3.0,U,0
146,1,3,0,0,0,1.0,0,1,44,0.0,U,0
147,0,3,1,0,1,0.0,4,0,32,3.0,U,0
148,0,2,0,0,0,2.0,2,0,40,2.0,6,0
149,0,2,0,0,4,2.0,0,1,33,1.0,U,0
150,0,2,0,0,4,2.0,0,1,26,1.0,U,0
151,1,1,1,0,2,1.0,1,0,33,3.0,3,0
152,0,3,0,0,0,3.0,0,1,16,1.0,U,0
153,0,3,0,0,0,2.0,2,0,31,1.0,U,0
154,0,3,0,0,0,1.0,0,1,21,0.0,U,0
155,0,1,0,1,0,2.0,1,0,27,3.0,U,0
156,1,3,1,2,1,1.0,0,1,32,0.0,U,0
157,0,3,0,0,0,1.0,0,1,15,1.0,U,0
158,0,3,0,0,0,1.0,0,1,19,1.0,U,0
159,0,3,0,0,3,0.0,10,0,26,3.0,U,0
160,0,3,0,0,0,2.0,1,0,24,2.0,U,0
161,1,2,1,0,2,2.0,0,1,50,2.0,U,0
162,0,3,0,0,0,1.0,0,1,26,0.0,U,0
163,0,3,0,0,0,1.0,0,1,15,1.0,U,0
164,0,3,0,0,3,0.0,5,0,28,3.0,U,0
165,1,3,0,0,3,0.0,2,0,47,2.0,U,0
166,1,1,1,0,2,2.0,1,0,38,3.0,5,1
167,0,3,1,0,2,2.0,5,0,47,2.0,U,0
168,0,1,0,0,0,2.0,0,1,19,2.0,U,0
169,0,3,0,0,0,1.0,0,1,13,3.0,U,0
170,0,1,0,0,0,3.0,0,1,25,3.0,2,1
171,0,3,0,2,3,0.0,5,0,20,2.0,U,0
172,1,3,1,0,1,0.0,2,0,28,1.0,U,0
173,0,3,0,0,0,1.0,0,1,25,1.0,U,0
174,0,1,0,1,0,3.0,0,1,23,2.0,1,1
175,0,3,0,0,0,1.0,2,0,22,0.0,U,0
176,0,3,0,0,3,0.0,4,0,29,2.0,U,0
177,0,1,1,1,1,2.0,0,1,26,2.0,3,1
178,0,2,0,0,0,1.0,0,1,18,1.0,U,0
179,0,3,0,0,0,2.0,0,1,19,0.0,U,0
180,0,3,1,0,1,1.0,10,0,28,3.0,U,0
181,0,2,0,1,0,1.0,0,1,16,2.0,U,0
182,0,3,0,0,3,0.0,6,0,37,3.0,U,0
183,1,2,0,0,3,0.0,3,0,25,3.0,6,0
184,1,3,1,0,1,0.0,2,0,35,2.0,U,0
185,0,1,0,0,0,3.0,0,1,21,3.0,1,0
186,1,3,1,2,2,1.0,1,0,47,2.0,U,0
187,1,1,0,0,0,2.0,0,1,45,2.0,U,0
188,0,3,0,2,0,2.0,2,0,16,2.0,U,0
189,0,3,0,0,0,2.0,0,1,19,0.0,U,0
190,1,2,1,0,2,1.0,0,1,19,1.0,U,0
191,0,2,0,0,0,1.0,0,1,21,1.0,U,0
192,1,3,1,0,1,1.0,1,0,47,0.0,U,0
193,1,2,0,0,3,0.0,2,0,26,2.0,6,0
194,1,1,1,1,2,2.0,0,1,41,2.0,2,0
195,1,1,1,1,1,3.0,0,1,20,3.0,2,0
196,0,3,0,2,0,2.0,0,1,19,0.0,U,0
197,0,3,0,0,0,2.0,1,0,32,1.0,U,0
198,1,3,1,2,1,1.0,0,1,32,0.0,U,0
199,0,2,1,0,1,1.0,0,1,38,1.0,U,0
200,0,3,0,0,0,1.0,0,1,30,1.0,U,0
201,0,3,0,0,0,1.0,10,0,19,3.0,U,0
202,0,3,0,0,0,1.0,0,1,26,0.0,U,0
203,0,3,0,1,0,2.0,0,1,20,0.0,U,0
204,1,3,0,0,0,1.0,0,1,24,1.0,U,0
205,0,3,1,0,1,0.0,1,0,26,1.0,7,0
206,0,3,0,0,0,1.0,1,0,26,2.0,U,0
207,1,3,0,1,0,1.0,0,1,27,2.0,U,0
208,1,3,1,2,1,1.0,0,1,25,0.0,U,0
209,1,1,0,1,0,2.0,0,1,16,2.0,1,1
210,0,3,0,0,0,1.0,0,1,14,0.0,U,0
211,1,2,1,0,1,2.0,0,1,26,2.0,U,0
212,0,3,0,0,0,1.0,0,1,22,0.0,U,0
213,0,2,0,0,0,1.0,0,1,27,1.0,U,0
214,0,3,0,2,0,1.0,1,0,19,0.0,U,0
215,1,1,1,1,1,1.0,1,0,23,3.0,4,0
216,1,3,1,0,1,1.0,0,1,22,1.0,U,0
217,0,2,0,0,0,2.0,1,0,28,2.0,U,0
218,1,1,1,1,1,1.0,0,1,21,3.0,4,1
219,0,2,0,0,0,1.0,0,1,18,1.0,U,0
220,1,3,0,0,0,1.0,0,1,30,1.0,U,0
221,0,2,0,0,0,1.0,0,1,20,1.0,U,0
222,0,3,0,0,0,2.0,0,1,23,1.0,U,0
223,0,3,0,0,0,1.0,0,1,20,0.0,U,0
224,1,1,0,0,0,2.0,1,0,28,3.0,3,1
225,0,3,0,0,0,1.0,0,1,28,1.0,U,0
226,1,2,0,0,0,1.0,0,1,25,1.0,U,0
227,0,3,0,0,0,1.0,0,1,31,0.0,U,0
228,0,2,0,0,0,1.0,0,1,25,1.0,U,0
229,0,3,1,0,1,0.0,4,0,23,2.0,U,0
230,1,1,1,0,2,2.0,1,0,44,3.0,3,1
231,0,3,0,0,0,1.0,0,1,24,0.0,U,0
232,0,2,0,0,0,3.0,0,1,25,1.0,U,0
233,1,3,1,0,1,0.0,6,0,30,3.0,U,0
234,0,2,0,0,0,1.0,0,1,33,1.0,U,0
235,0,3,1,0,1,1.0,0,1,28,0.0,U,0
236,0,2,0,0,0,2.0,1,0,17,2.0,U,0
237,1,2,1,0,1,0.0,2,0,32,2.0,U,0
238,0,2,0,0,0,1.0,0,1,31,1.0,U,0
239,0,2,0,0,0,1.0,0,1,22,1.0,U,0
240,0,3,1,1,1,1.0,1,0,21,1.0,U,0
241,1,3,1,2,1,1.0,1,0,30,2.0,U,0
242,0,2,0,0,0,1.0,0,1,31,1.0,U,0
243,0,3,0,0,0,1.0,0,1,29,0.0,U,0
244,0,3,0,1,0,1.0,0,1,20,0.0,U,0
245,0,1,0,2,4,2.0,2,0,27,3.0,3,0
246,0,3,1,0,1,1.0,0,1,37,0.0,U,0
247,1,2,1,0,2,1.0,2,0,31,1.0,U,0
248,1,1,0,0,0,2.0,2,0,29,3.0,4,1
249,0,2,0,0,4,3.0,1,0,29,2.0,U,0
250,0,3,0,0,0,1.0,0,1,22,0.0,U,0
251,0,3,1,0,2,1.0,2,0,42,1.0,7,0
252,0,1,0,0,0,3.0,0,1,25,2.0,3,1
253,0,3,0,0,0,1.0,1,0,24,2.0,U,0
254,0,3,1,0,2,2.0,2,0,40,2.0,U,0
255,1,3,1,1,2,1.0,2,0,39,2.0,U,0
256,1,1,1,1,2,2.0,0,1,30,3.0,U,0
257,1,1,1,0,1,1.0,0,1,20,3.0,2,1
258,1,1,1,1,1,2.0,0,1,16,3.0,U,0
259,1,2,1,0,2,2.0,1,0,27,2.0,U,0
260,0,3,0,2,0,2.0,0,1,17,0.0,U,0
261,1,3,0,0,3,0.0,6,0,33,3.0,U,0
262,0,1,0,0,0,2.0,2,0,17,3.0,5,1
263,0,1,0,0,0,2.0,0,1,21,0.0,2,0
264,0,3,1,2,1,1.0,0,1,18,0.0,U,0
265,0,2,0,0,0,2.0,0,1,17,1.0,U,0
266,0,3,0,0,0,1.0,5,0,25,3.0,U,0
267,1,3,0,0,0,1.0,1,0,24,0.0,U,0
268,1,1,1,0,2,3.0,1,0,45,3.0,3,1
269,1,1,1,0,1,2.0,0,1,22,3.0,3,1
270,0,1,0,0,0,2.0,0,1,21,2.0,U,0
271,1,3,0,0,0,1.0,0,1,28,0.0,U,0
272,1,2,1,0,2,2.0,1,0,41,2.0,U,0
273,0,1,0,1,0,2.0,1,0,21,2.0,3,0
274,1,3,1,2,1,1.0,0,1,26,0.0,U,0
275,1,1,1,0,1,3.0,1,0,33,3.0,4,1
276,0,3,1,0,1,2.0,0,1,33,0.0,U,0
277,0,2,0,0,0,2.0,0,1,27,0.0,U,0
278,0,3,0,2,3,0.0,5,0,18,2.0,U,0
279,1,3,1,0,2,2.0,2,0,32,2.0,U,0
280,0,3,0,2,0,3.0,0,1,16,0.0,U,0
281,0,3,0,0,0,1.0,0,1,32,0.0,U,0
282,0,3,0,0,0,1.0,0,1,25,1.0,U,0
283,1,3,0,0,0,1.0,0,1,26,1.0,U,0
284,0,1,0,0,0,2.0,0,1,26,2.0,1,1
285,0,3,0,1,0,1.0,0,1,19,1.0,U,0
286,1,3,0,0,0,1.0,0,1,23,1.0,U,0
287,0,3,0,0,0,1.0,0,1,20,0.0,U,0
288,1,2,0,0,0,2.0,0,1,20,1.0,U,0
289,1,3,1,2,1,1.0,0,1,20,0.0,U,0
290,1,1,1,0,1,1.0,0,1,28,3.0,U,0
291,1,1,1,1,2,1.0,1,0,39,3.0,2,1
292,0,2,0,1,0,2.0,0,1,22,1.0,4,0
293,0,3,1,0,1,1.0,0,1,19,1.0,U,0
294,0,3,0,0,0,1.0,0,1,16,0.0,U,0
295,0,1,0,1,0,2.0,0,1,17,2.0,U,0
296,0,3,0,1,0,1.0,0,1,18,0.0,U,0
297,0,1,1,0,1,0.0,3,0,28,3.0,3,0
298,1,1,0,0,0,2.0,0,1,21,2.0,3,0
299,1,1,1,1,2,2.0,1,0,47,3.0,2,0
300,1,3,1,2,1,1.0,0,1,40,0.0,U,0
301,1,3,0,2,0,1.0,2,0,18,2.0,U,0
302,0,3,0,0,0,1.0,0,1,31,0.0,U,0
303,1,2,1,2,1,1.0,0,1,19,1.0,5,1
304,0,3,0,0,0,1.0,0,1,33,1.0,U,0
305,1,1,0,0,3,0.0,3,0,30,3.0,3,0
306,1,1,1,1,1,1.0,0,1,23,3.0,U,0
307,1,1,1,1,2,1.0,1,0,82,3.0,3,1
308,0,2,0,1,0,1.0,1,0,19,2.0,U,0
309,1,1,1,1,1,1.0,0,1,30,3.0,5,0
310,1,1,1,1,1,1.0,0,1,30,3.0,3,0
311,1,1,1,1,1,1.0,4,0,26,3.0,2,1
312,0,2,1,0,2,1.0,2,0,37,2.0,U,0
313,0,3,0,0,0,1.0,0,1,22,0.0,U,0
314,0,2,0,0,0,2.0,2,0,18,2.0,U,0
315,1,3,1,0,1,1.0,0,1,31,0.0,U,0
316,1,2,1,0,2,1.0,1,0,35,2.0,U,0
317,0,2,0,0,4,3.0,0,1,20,1.0,U,0
318,1,1,1,0,1,1.0,2,0,24,3.0,3,1
319,1,1,1,1,2,2.0,2,0,56,3.0,5,0
320,0,3,0,0,0,1.0,0,1,18,0.0,U,0
321,0,3,0,0,0,1.0,0,1,16,0.0,U,0
322,1,2,1,2,1,1.0,0,1,25,1.0,U,0
323,1,2,1,0,2,1.0,2,0,51,2.0,U,0
324,0,3,0,0,0,1.0,10,0,24,3.0,U,0
325,1,1,1,1,1,2.0,0,1,24,3.0,3,0
326,0,3,0,0,0,3.0,0,1,25,0.0,U,0
327,1,2,1,0,2,2.0,0,1,23,1.0,4,0
328,1,3,1,0,2,1.0,2,0,46,2.0,U,0
329,1,1,1,1,1,1.0,1,0,28,3.0,2,0
330,1,3,1,2,1,1.0,2,0,18,2.0,U,0
331,0,1,0,0,0,2.0,0,1,19,2.0,3,0
332,0,1,0,0,0,2.0,1,0,25,3.0,3,1
333,0,3,0,0,0,1.0,2,0,31,2.0,U,0
334,1,1,1,0,2,1.0,1,0,50,3.0,U,0
335,0,3,0,0,0,1.0,0,1,18,0.0,U,0
336,0,1,0,0,0,1.0,1,0,25,3.0,3,0
337,1,1,1,1,1,2.0,0,1,31,3.0,5,0
338,1,3,0,0,0,2.0,0,1,21,1.0,U,0
339,0,1,0,0,0,2.0,0,1,28,3.0,8,0
340,1,2,0,0,3,0.0,2,0,30,2.0,6,0
341,1,1,1,0,1,1.0,5,0,30,3.0,3,1
342,0,2,0,0,0,1.0,0,1,26,1.0,U,0
343,0,2,0,0,0,1.0,0,1,42,1.0,U,0
344,0,2,0,0,0,2.0,0,1,23,1.0,U,0
345,1,2,1,0,1,1.0,0,1,29,1.0,6,1
346,1,2,1,0,1,2.0,0,1,25,1.0,U,0
347,1,3,1,0,2,1.0,1,0,41,2.0,U,0
348,1,3,0,0,3,0.0,2,0,38,2.0,U,0
349,0,3,0,0,0,2.0,0,1,16,1.0,U,0
350,0,3,0,0,0,1.0,0,1,22,1.0,U,0
351,0,1,0,0,0,3.0,0,1,38,3.0,3,0
352,0,3,0,1,0,1.0,2,0,18,0.0,U,0
353,0,3,0,0,0,1.0,1,0,25,2.0,U,0
354,0,3,0,1,0,1.0,0,1,17,0.0,U,0
355,0,3,0,0,0,1.0,0,1,27,1.0,U,0
356,1,1,1,0,1,1.0,1,0,27,3.0,5,1
357,0,2,1,0,1,2.0,0,1,25,1.0,U,0
358,1,3,1,2,1,1.0,0,1,20,0.0,U,0
359,1,3,1,2,1,1.0,0,1,33,0.0,U,0
360,0,3,0,0,0,2.0,5,0,18,2.0,U,0
361,0,2,0,1,0,1.0,1,0,25,2.0,U,0
362,0,3,1,1,2,2.0,1,0,31,1.0,U,0
363,0,3,0,0,0,2.0,0,1,15,0.0,U,0
364,0,3,0,2,0,1.0,1,0,19,2.0,U,0
365,0,3,0,0,0,1.0,0,1,30,0.0,U,0
366,1,1,1,1,2,3.0,1,0,48,3.0,4,1
367,1,3,1,1,2,1.0,0,1,30,0.0,U,0
368,1,3,1,2,1,1.0,0,1,19,0.0,U,0
369,1,1,1,1,4,1.0,0,1,29,3.0,2,1
370,1,1,0,1,0,1.0,1,0,27,3.0,5,0
371,0,3,0,0,0,1.0,1,0,25,0.0,U,0
372,0,3,0,0,0,1.0,0,1,26,1.0,U,0
373,0,1,0,1,0,1.0,0,1,19,3.0,U,0
374,0,3,1,0,1,0.0,4,0,26,2.0,U,0
375,1,1,1,1,2,2.0,1,0,37,3.0,U,0
376,1,3,1,0,1,1.0,0,1,31,0.0,U,0
377,0,1,0,1,0,1.0,2,0,25,3.0,3,0
378,0,3,0,1,0,1.0,0,1,19,0.0,U,0
379,0,3,0,0,0,1.0,0,1,27,0.0,U,0
380,1,1,1,1,1,2.0,0,1,21,3.0,U,0
381,1,3,1,1,1,0.0,2,0,27,2.0,U,0
382,0,3,0,0,0,1.0,0,1,18,1.0,U,0
383,1,1,1,0,2,2.0,1,0,51,3.0,U,0
384,0,3,0,0,0,1.0,0,1,22,0.0,U,0
385,0,2,0,0,0,1.0,0,1,25,3.0,U,0
386,0,3,0,0,3,0.0,7,0,31,3.0,U,0
387,1,2,1,0,1,2.0,0,1,16,1.0,U,0
388,0,3,0,2,0,1.0,0,1,20,0.0,U,0
389,1,2,1,1,1,1.0,0,1,21,1.0,U,0
390,1,1,0,0,0,2.0,3,0,26,3.0,2,0
391,1,3,0,0,0,1.0,0,1,22,0.0,U,0
392,0,3,0,0,0,1.0,2,0,28,1.0,U,0
393,1,1,1,1,1,1.0,1,0,22,3.0,4,0
394,1,3,1,0,2,1.0,2,0,51,2.0,7,0
395,0,3,0,0,0,1.0,0,1,19,0.0,U,0
396,0,3,1,0,1,1.0,0,1,19,0.0,U,0
397,0,2,0,0,0,2.0,0,1,23,2.0,U,0
398,0,2,0,0,4,1.0,0,1,16,1.0,U,0
399,1,2,1,0,2,1.0,0,1,32,1.0,U,0
400,1,3,0,0,0,2.0,0,1,18,1.0,U,0
401,0,3,0,0,0,1.0,0,1,15,1.0,U,0
402,0,3,1,0,1,1.0,1,0,24,1.0,U,0
403,0,3,0,0,0,1.0,1,0,30,2.0,U,0
404,0,3,1,0,1,1.0,0,1,23,1.0,U,0
405,0,2,0,0,0,1.0,1,0,18,2.0,U,0
406,0,3,0,0,0,2.0,0,1,32,0.0,U,0
407,1,2,0,0,3,0.0,2,0,30,2.0,U,0
408,0,3,0,0,0,1.0,0,1,33,0.0,U,0
409,0,3,1,0,1,0.0,4,0,18,2.0,U,0
410,0,3,0,0,0,1.0,0,1,18,0.0,U,0
411,0,3,0,2,0,1.0,0,1,15,0.0,U,0
412,1,1,1,2,1,1.0,1,0,22,3.0,3,0
413,0,2,0,0,0,2.0,0,1,30,0.0,U,0
414,1,3,0,0,0,2.0,0,1,25,1.0,U,0
415,0,3,1,0,2,2.0,0,1,39,1.0,U,0
416,1,2,1,0,2,1.0,2,0,47,3.0,U,0
417,1,2,1,0,1,1.0,2,0,29,1.0,U,0
418,0,2,0,0,0,1.0,0,1,26,1.0,U,0
419,0,3,1,0,1,0.0,2,0,25,2.0,U,0
420,0,3,0,1,0,1.0,0,1,22,0.0,U,0
421,0,3,0,2,0,1.0,0,1,19,0.0,U,0
422,0,3,0,0,0,1.0,0,1,18,0.0,U,0
423,0,3,1,0,2,1.0,2,0,54,1.0,U,0
424,0,3,0,0,0,1.0,2,0,27,2.0,U,0
425,0,3,0,0,0,1.0,0,1,22,0.0,U,0
426,1,2,1,0,2,1.0,1,0,43,2.0,U,0
427,1,2,1,0,1,1.0,0,1,67,2.0,U,0
428,0,3,0,2,0,2.0,0,1,16,0.0,U,0
429,1,3,0,0,0,1.0,0,1,34,1.0,5,0
430,1,1,0,0,0,1.0,0,1,41,2.0,3,0
431,1,3,1,0,2,1.0,1,0,49,2.0,U,0
432,1,2,1,0,2,2.0,1,0,51,2.0,U,0
433,0,3,0,0,0,1.0,0,1,26,0.0,U,0
434,0,1,0,0,0,2.0,1,0,25,3.0,5,0
435,1,1,1,0,1,0.0,3,0,25,3.0,2,0
436,0,3,1,0,1,1.0,4,0,36,3.0,U,0
437,1,2,1,0,2,1.0,5,0,37,2.0,U,0
438,0,1,0,0,0,3.0,5,0,17,3.0,3,1
439,0,2,0,0,0,1.0,0,1,38,1.0,U,0
440,1,2,1,0,2,2.0,2,0,43,2.0,U,0
441,0,3,0,0,0,1.0,0,1,15,1.0,U,0
442,0,3,0,0,0,1.0,1,0,25,0.0,U,0
443,1,2,1,0,4,1.0,0,1,25,1.0,U,0
444,1,3,0,0,0,1.0,0,1,33,1.0,U,0
445,1,1,0,0,3,0.0,2,0,25,3.0,1,0
446,1,2,1,0,1,0.0,1,0,33,2.0,U,0
447,1,1,0,0,0,1.0,0,1,27,2.0,U,0
448,1,3,1,1,1,0.0,3,0,30,2.0,U,0
449,1,1,0,0,4,2.0,0,1,30,2.0,3,0
450,0,2,0,0,0,2.0,3,0,21,2.0,U,0
451,0,3,0,0,0,1.0,1,0,31,2.0,U,0
452,0,1,0,1,0,1.0,0,1,31,2.0,3,1
453,1,1,0,1,0,2.0,1,0,24,3.0,3,0
454,0,3,0,0,0,1.0,0,1,19,1.0,U,0
455,1,3,0,1,0,1.0,0,1,18,0.0,U,0
456,0,1,0,0,0,3.0,0,1,25,2.0,5,0
457,1,1,1,0,2,2.0,1,0,33,3.0,4,1
458,1,2,1,0,1,2.0,0,1,19,1.0,U,0
459,0,3,0,2,0,2.0,0,1,21,0.0,U,0
460,1,1,0,0,0,2.0,0,1,19,2.0,5,0
461,0,3,0,0,0,1.0,0,1,19,1.0,U,0
462,0,1,0,0,0,2.0,0,1,17,3.0,5,1
463,0,2,0,0,0,2.0,0,1,28,1.0,U,0
464,0,3,0,0,0,1.0,0,1,18,1.0,U,0
465,0,3,0,0,0,2.0,0,1,31,0.0,U,0
466,0,2,0,0,0,2.0,0,1,21,0.0,U,0
467,0,1,0,0,0,3.0,0,1,26,2.0,U,0
468,0,3,0,2,0,1.0,0,1,18,0.0,U,0
469,1,3,1,1,1,0.0,3,0,29,2.0,U,0
470,0,3,0,0,0,1.0,0,1,17,0.0,U,0
471,0,3,0,0,0,2.0,0,1,15,1.0,U,0
472,1,2,1,0,2,1.0,3,0,39,2.0,U,0
473,1,2,1,1,2,1.0,0,1,44,1.0,4,0
474,0,3,1,0,1,1.0,0,1,27,1.0,U,0
475,0,1,0,0,0,2.0,0,1,27,3.0,1,0
476,0,2,0,0,0,1.0,1,0,23,2.0,U,0
477,0,3,0,0,0,1.0,1,0,25,0.0,U,0
478,0,3,0,0,0,1.0,0,1,25,0.0,U,0
479,1,3,1,0,1,0.0,1,0,24,1.0,U,0
480,0,3,0,0,3,0.0,7,0,30,3.0,U,0
481,0,2,0,0,0,2.0,0,1,32,0.0,U,0
482,0,3,0,0,0,2.0,0,1,24,1.0,U,0
483,1,3,1,0,2,3.0,0,1,22,1.0,U,0
484,1,1,0,1,0,1.0,1,0,23,3.0,2,1
485,0,3,1,0,1,0.0,4,0,22,2.0,U,0
486,1,1,1,0,2,2.0,1,0,47,3.0,3,1
487,0,1,0,1,0,3.0,0,1,23,2.0,2,1
488,0,3,0,0,0,1.0,0,1,29,1.0,U,0
489,1,3,0,0,3,0.0,2,0,37,2.0,U,0
490,0,3,0,0,0,1.0,1,0,36,2.0,U,0
491,0,3,0,0,0,1.0,0,1,19,0.0,U,0
492,0,1,0,0,0,3.0,0,1,26,2.0,3,0
493,0,1,0,1,0,3.0,0,1,23,3.0,U,0
494,0,3,0,0,0,1.0,0,1,26,1.0,U,0
495,0,3,0,1,0,1.0,0,1,21,1.0,U,0
496,1,1,1,1,1,3.0,1,0,30,3.0,4,0
497,0,3,0,0,0,1.0,0,1,31,2.0,U,0
498,0,1,1,0,2,1.0,3,0,47,3.0,3,0
499,0,3,0,0,0,1.0,0,1,18,0.0,U,0
500,0,3,0,0,0,1.0,0,1,16,1.0,U,0
501,0,3,1,2,1,1.0,0,1,19,0.0,U,0
502,0,3,1,2,1,1.0,0,1,30,0.0,U,0
503,0,3,1,0,1,2.0,0,1,30,1.0,U,0
504,1,1,1,0,1,1.0,0,1,21,3.0,2,1
505,0,1,0,1,0,1.0,1,0,42,3.0,3,1
506,1,2,1,0,2,1.0,2,0,45,2.0,U,0
507,1,1,0,0,0,2.0,0,1,45,2.0,U,0
508,0,3,0,0,0,1.0,0,1,24,2.0,U,0
509,1,3,0,0,0,1.0,0,1,14,3.0,U,0
510,1,3,0,2,0,1.0,0,1,24,0.0,U,0
511,0,3,0,0,0,1.0,0,1,17,1.0,U,0
512,1,1,0,0,0,2.0,0,1,25,2.0,5,1
513,1,1,1,1,2,3.0,1,0,46,3.0,U,0
514,0,3,0,0,0,1.0,0,1,17,0.0,U,0
515,0,1,0,0,0,2.0,0,1,28,3.0,4,0
516,1,2,1,0,2,1.0,0,1,28,1.0,6,1
517,0,3,0,2,0,2.0,0,1,17,2.0,U,0
518,1,2,1,0,2,2.0,1,0,52,2.0,U,0
519,0,3,0,0,0,1.0,0,1,19,0.0,U,0
520,1,1,1,0,1,1.0,0,1,21,3.0,2,1
521,0,3,0,0,0,1.0,0,1,15,0.0,U,0
522,0,3,0,1,0,1.0,0,1,18,0.0,U,0
523,1,1,1,1,2,2.0,1,0,47,3.0,2,0
524,0,3,0,1,0,1.0,0,1,17,0.0,U,0
525,0,3,0,2,0,2.0,0,1,18,0.0,U,0
526,1,2,1,0,1,2.0,0,1,20,1.0,U,0
527,0,1,0,0,0,1.0,0,1,18,3.0,3,1
528,0,3,0,0,0,2.0,0,1,25,1.0,U,0
529,0,2,0,0,0,1.0,3,0,27,1.0,U,0
530,1,2,1,0,1,0.0,2,0,24,2.0,U,0
531,0,3,0,1,0,1.0,0,1,17,0.0,U,0
532,0,3,0,1,0,1.0,2,0,20,0.0,U,0
533,1,3,1,1,2,2.0,2,0,38,2.0,U,0
534,0,3,1,0,1,1.0,0,1,19,1.0,U,0
535,1,2,1,0,1,0.0,2,0,22,2.0,U,0
536,0,1,0,0,4,2.0,0,1,33,2.0,2,0
537,1,1,1,1,1,1.0,0,1,19,3.0,U,0
538,0,3,0,0,0,1.0,0,1,24,1.0,U,0
539,1,1,1,1,1,1.0,2,0,34,3.0,2,1
540,1,1,1,0,1,2.0,2,0,23,3.0,2,0
541,0,3,1,0,1,0.0,6,0,36,3.0,U,0
542,0,3,1,0,1,0.0,6,0,33,3.0,U,0
543,1,2,0,0,0,1.0,1,0,17,2.0,U,0
544,0,1,0,1,0,2.0,1,0,26,3.0,3,0
545,0,1,0,0,0,3.0,0,1,28,2.0,U,0
546,1,2,1,0,2,1.0,1,0,33,2.0,U,0
547,1,2,0,1,0,2.0,0,1,26,1.0,U,0
548,0,3,0,0,0,1.0,2,0,25,2.0,U,0
549,1,2,0,0,3,0.0,2,0,30,3.0,U,0
550,1,1,0,1,0,1.0,2,0,27,3.0,3,0
551,0,2,0,0,0,1.0,0,1,27,2.0,U,0
552,0,3,0,2,0,1.0,0,1,20,0.0,U,0
553,1,3,0,1,0,1.0,0,1,33,0.0,U,0
554,1,3,1,0,1,1.0,0,1,18,0.0,U,0
555,0,1,0,0,0,3.0,0,1,18,2.0,U,0
556,1,1,1,1,4,2.0,1,0,65,3.0,1,0
557,0,1,0,1,0,1.0,0,1,19,3.0,U,0
558,1,1,1,0,2,2.0,2,0,38,3.0,5,1
559,1,3,1,0,2,2.0,1,0,44,2.0,U,0
560,0,3,0,2,0,2.0,0,1,24,0.0,U,0
561,0,3,0,0,0,2.0,0,1,17,0.0,U,0
562,0,2,0,0,0,1.0,0,1,26,1.0,U,0
563,0,3,0,0,0,1.0,0,1,17,1.0,U,0
564,0,3,1,0,1,1.0,0,1,30,1.0,U,0
565,0,3,0,0,0,1.0,2,0,20,2.0,U,0
566,0,3,0,0,0,1.0,0,1,20,0.0,U,0
567,0,3,1,0,2,1.0,4,0,43,2.0,U,0
568,0,3,0,1,0,1.0,0,1,19,0.0,U,0
569,1,3,0,0,0,1.0,0,1,17,0.0,U,0
570,1,2,0,0,0,3.0,0,1,18,1.0,U,0
571,1,1,1,0,2,2.0,2,0,45,3.0,3,1
572,1,1,0,0,0,2.0,0,1,32,2.0,5,1
573,1,3,1,2,1,1.0,0,1,17,0.0,U,0
574,0,3,0,0,0,1.0,0,1,28,1.0,U,0
575,0,3,0,0,0,1.0,0,1,20,1.0,U,0
576,1,2,1,0,1,1.0,0,1,20,1.0,U,0
577,1,1,1,0,2,2.0,1,0,41,3.0,5,0
578,0,3,1,1,2,1.0,1,0,32,1.0,U,0
579,1,3,0,0,0,1.0,0,1,19,1.0,U,0
580,1,2,1,0,1,1.0,2,0,27,2.0,U,0
581,1,1,1,1,2,2.0,2,0,52,3.0,3,0
582,0,2,0,0,0,3.0,0,1,26,2.0,U,0
583,0,1,0,1,0,2.0,0,1,19,3.0,1,0
584,0,3,0,1,0,1.0,0,1,19,1.0,U,0
585,1,1,1,0,1,1.0,2,0,19,3.0,5,0
586,0,2,0,0,0,2.0,0,1,23,2.0,U,0
587,1,1,0,1,0,3.0,2,0,32,3.0,2,1
588,0,3,0,0,0,1.0,0,1,21,1.0,U,0
589,0,3,0,0,0,1.0,0,1,19,1.0,U,0
590,0,3,0,0,0,2.0,0,1,20,0.0,U,0
591,1,1,1,1,2,2.0,1,0,47,3.0,4,0
592,0,3,0,0,0,2.0,0,1,26,0.0,U,0
593,0,3,1,2,1,0.0,2,0,18,0.0,U,0
594,0,2,0,0,0,2.0,1,0,23,2.0,U,0
595,0,3,0,0,0,2.0,2,0,27,2.0,U,0
596,1,2,1,0,1,2.0,0,1,26,3.0,U,0
597,0,3,0,0,0,2.0,0,1,19,0.0,U,0
598,0,3,0,1,0,1.0,0,1,17,0.0,U,0
599,1,1,0,1,4,2.0,1,0,44,3.0,1,0
600,1,2,1,0,2,1.0,3,0,51,2.0,U,0
601,0,3,0,0,0,1.0,0,1,20,0.0,U,0
602,0,1,0,0,0,2.0,0,1,25,3.0,U,0
603,0,3,0,0,0,2.0,0,1,25,1.0,U,0
604,1,1,0,1,0,2.0,0,1,31,2.0,U,0
605,0,3,0,0,0,2.0,1,0,29,2.0,U,0
606,0,3,0,0,0,1.0,0,1,17,0.0,U,0
607,1,1,0,0,0,1.0,0,1,27,2.0,U,0
608,1,2,1,1,2,1.0,3,0,53,3.0,U,0
609,1,1,1,0,1,2.0,0,1,25,3.0,3,1
610,0,3,1,0,2,2.0,6,0,57,3.0,U,0
611,0,3,0,0,0,1.0,0,1,21,0.0,U,0
612,1,3,1,2,1,1.0,1,0,27,2.0,U,0
613,0,3,0,2,0,2.0,0,1,16,0.0,U,0
614,0,3,0,0,0,2.0,0,1,31,1.0,U,0
615,1,2,1,0,1,1.0,3,0,19,3.0,U,0
616,0,3,0,0,0,1.0,2,0,25,1.0,U,0
617,0,3,1,0,2,1.0,1,0,47,2.0,U,0
618,1,2,1,0,1,0.0,3,0,27,3.0,6,0
619,0,2,0,0,0,1.0,0,1,19,1.0,U,0
620,0,3,0,1,0,1.0,1,0,19,1.0,U,0
621,1,1,0,0,0,2.0,1,0,28,3.0,4,1
622,1,3,0,1,0,1.0,2,0,16,2.0,U,0
623,0,3,0,0,0,1.0,0,1,27,0.0,U,0
624,0,3,0,0,0,1.0,0,1,27,2.0,U,0
625,0,1,0,0,0,3.0,0,1,21,3.0,4,0
626,0,2,0,2,4,3.0,0,1,30,1.0,U,0
627,1,1,1,0,1,1.0,0,1,29,3.0,4,1
628,0,3,0,0,0,1.0,0,1,25,0.0,U,0
629,0,3,0,2,0,1.0,0,1,24,0.0,U,0
630,1,1,0,0,0,3.0,0,1,36,2.0,1,1
631,0,3,0,0,0,2.0,0,1,27,0.0,U,0
632,1,1,0,1,4,1.0,0,1,25,2.0,2,0
633,0,1,0,0,0,2.0,0,1,29,0.0,U,0
634,0,3,1,0,1,0.0,5,0,18,2.0,U,0
635,1,2,1,0,1,1.0,0,1,17,1.0,U,0
636,0,3,0,0,0,1.0,0,1,26,1.0,U,0
637,0,2,0,0,0,1.0,2,0,19,2.0,U,0
638,0,3,1,0,2,2.0,5,0,38,3.0,U,0
639,0,3,0,0,0,1.0,1,0,26,2.0,U,0
640,0,3,0,0,0,1.0,0,1,22,0.0,U,0
641,1,1,1,1,4,1.0,0,1,20,3.0,2,1
642,0,3,1,0,1,0.0,5,0,29,2.0,U,0
643,1,3,0,0,0,1.0,0,1,15,3.0,U,0
644,1,3,1,1,1,0.0,3,0,22,2.0,U,0
645,1,1,0,1,0,2.0,1,0,25,3.0,4,1
646,0,3,0,0,0,1.0,0,1,17,0.0,U,0
647,1,1,0,1,4,3.0,0,1,35,3.0,1,0
648,0,3,0,0,0,2.0,0,1,18,0.0,U,0
649,1,3,1,0,1,1.0,0,1,31,0.0,U,0
650,0,3,0,0,0,1.0,0,1,17,0.0,U,0
651,1,2,1,0,1,1.0,1,0,19,2.0,U,0
652,0,3,0,0,0,1.0,0,1,30,1.0,U,0
653,1,3,1,2,1,1.0,0,1,29,0.0,U,0
654,0,3,1,2,1,1.0,0,1,28,0.0,U,0
655,0,2,0,0,0,1.0,2,0,25,3.0,U,0
656,0,3,0,0,0,1.0,0,1,21,0.0,U,0
657,0,3,1,2,2,1.0,2,0,29,2.0,U,0
658,0,2,0,0,0,1.0,0,1,28,1.0,U,0
659,0,1,0,1,0,3.0,2,0,26,3.0,4,0
660,1,1,0,0,4,2.0,2,0,29,3.0,U,0
661,0,3,0,1,0,2.0,0,1,17,0.0,U,0
662,0,1,0,0,0,2.0,0,1,26,2.0,5,0
663,0,3,0,0,0,2.0,0,1,16,0.0,U,0
664,1,3,0,0,0,1.0,1,0,27,1.0,U,0
665,0,2,0,0,0,1.0,2,0,18,3.0,U,0
666,0,2,0,0,0,1.0,0,1,27,1.0,U,0
667,0,3,0,0,0,1.0,0,1,26,0.0,U,0
668,0,3,0,0,0,2.0,0,1,15,1.0,U,0
669,1,1,1,0,2,2.0,1,0,49,3.0,3,0
670,1,2,1,0,2,2.0,2,0,61,3.0,U,0
671,0,1,0,0,0,1.0,1,0,22,3.0,2,1
672,0,2,0,0,0,3.0,0,1,27,1.0,U,0
673,1,2,0,0,0,1.0,0,1,21,1.0,U,0
674,0,2,0,0,0,2.0,0,1,26,0.0,U,0
675,0,3,0,0,0,1.0,0,1,30,0.0,U,0
676,0,3,0,0,0,1.0,0,1,29,1.0,U,0
677,1,3,1,0,1,1.0,0,1,23,1.0,U,0
678,0,3,1,0,2,2.0,7,0,39,3.0,U,0
679,1,1,0,1,0,2.0,1,0,34,3.0,2,1
680,0,3,1,2,1,1.0,0,1,19,1.0,U,0
681,1,1,0,1,0,1.0,0,1,18,3.0,4,1
682,0,3,0,0,0,1.0,0,1,27,1.0,U,0
683,0,3,0,0,0,0.0,7,0,27,3.0,U,0
684,0,2,0,0,0,3.0,2,0,33,3.0,U,0
685,0,2,0,1,0,1.0,3,0,38,3.0,U,0
686,0,3,0,0,0,0.0,5,0,24,3.0,U,0
687,0,3,0,0,0,1.0,0,1,17,1.0,U,0
688,0,3,0,0,0,1.0,0,1,31,0.0,U,0
689,1,1,1,0,1,1.0,1,0,33,3.0,2,1
690,1,1,0,0,0,1.0,1,0,23,3.0,2,0
691,1,3,1,1,1,0.0,1,0,18,1.0,U,0
692,1,3,0,0,0,1.0,0,1,12,3.0,U,0
693,0,3,0,1,0,1.0,0,1,16,0.0,U,0
694,0,1,0,0,4,3.0,0,1,15,2.0,U,0
695,0,2,0,0,0,2.0,0,1,26,1.0,U,0
696,0,3,0,0,0,2.0,0,1,16,1.0,U,0
697,1,3,1,2,1,1.0,0,1,32,0.0,U,0
698,0,1,0,1,0,2.0,2,0,24,3.0,3,0
699,0,3,0,0,0,2.0,0,1,40,0.0,6,1
700,1,1,1,1,2,1.0,1,0,49,3.0,3,0
701,1,1,0,0,0,2.0,0,1,32,2.0,5,0
702,0,3,1,1,1,1.0,1,0,21,1.0,U,0
703,0,3,0,2,0,1.0,0,1,21,0.0,U,0
704,0,3,0,0,0,1.0,1,0,23,0.0,U,0
705,0,2,0,0,0,2.0,0,1,46,2.0,U,0
706,1,2,1,0,2,2.0,0,1,29,1.0,U,0
707,1,1,0,0,0,2.0,0,1,33,2.0,5,0
708,1,1,1,0,1,1.0,0,1,20,3.0,U,0
709,1,3,0,1,3,0.0,2,0,49,2.0,U,0
710,1,1,1,1,4,1.0,0,1,48,3.0,3,0
711,0,1,0,0,0,2.0,0,1,18,2.0,3,0
712,1,1,0,0,0,2.0,1,0,24,3.0,3,0
713,0,3,0,0,0,1.0,0,1,26,1.0,U,0
714,0,2,0,0,0,2.0,0,1,21,1.0,U,0
715,0,3,0,0,0,1.0,0,1,42,0.0,6,1
716,1,1,1,1,1,2.0,0,1,29,3.0,3,1
717,1,2,1,0,1,1.0,0,1,35,1.0,5,1
718,0,3,0,2,0,1.0,0,1,19,2.0,U,0
719,0,3,0,0,0,1.0,0,1,28,0.0,U,0
720,1,2,1,0,1,0.0,1,0,33,3.0,U,0
721,0,3,0,0,0,1.0,1,0,25,0.0,U,0
722,0,2,0,0,0,1.0,0,1,28,1.0,U,0
723,0,2,0,0,0,2.0,0,1,23,1.0,U,0
724,1,1,0,0,0,1.0,1,0,29,3.0,5,0
725,0,3,0,0,0,1.0,0,1,19,1.0,U,0
726,1,2,1,0,2,1.0,3,0,43,2.0,U,0
727,1,3,1,2,1,1.0,0,1,24,0.0,U,0
728,0,2,0,0,0,1.0,1,0,31,2.0,U,0
729,0,3,1,0,1,1.0,1,0,29,1.0,U,0
730,1,1,1,0,1,1.0,0,1,29,3.0,2,1
731,0,3,0,1,0,0.0,0,1,24,2.0,U,0
732,0,2,0,0,0,2.0,0,1,20,0.0,U,0
733,0,2,0,0,0,1.0,0,1,26,1.0,U,0
734,0,2,0,0,0,1.0,0,1,28,1.0,U,0
735,0,3,0,0,0,1.0,0,1,20,2.0,U,0
736,0,3,1,0,2,2.0,4,0,39,3.0,U,0
737,1,1,0,1,0,2.0,0,1,22,3.0,2,1
738,0,3,0,0,0,1.0,0,1,18,0.0,U,0
739,0,3,0,0,0,1.0,0,1,18,0.0,U,0
740,1,1,0,0,0,2.0,0,1,27,2.0,4,1
741,0,1,0,0,0,2.0,1,0,29,3.0,3,0
742,1,1,1,1,1,1.0,4,0,37,3.0,2,1
743,0,3,0,0,0,1.0,1,0,17,2.0,U,0
744,1,3,0,0,0,1.0,0,1,18,1.0,U,0
745,0,1,0,0,4,3.0,2,0,28,3.0,2,0
746,0,3,0,0,0,1.0,2,0,27,2.0,U,0
747,1,2,1,0,1,1.0,0,1,21,1.0,U,0
748,0,1,0,0,0,1.0,1,0,25,3.0,4,0
749,0,3,0,2,0,1.0,0,1,23,0.0,U,0
750,1,2,1,0,1,0.0,2,0,17,2.0,U,0
751,1,3,0,0,3,0.0,1,0,19,1.0,5,1
752,0,3,0,0,0,1.0,0,1,32,1.0,U,0
753,0,3,0,0,0,1.0,0,1,18,0.0,U,0
754,1,2,1,0,2,2.0,3,0,32,3.0,U,0
755,1,2,0,0,3,0.0,2,0,25,1.0,U,0
756,0,3,0,0,0,1.0,0,1,28,0.0,U,0
757,0,2,0,0,0,1.0,0,1,24,1.0,U,0
758,0,3,0,0,0,1.0,0,1,28,1.0,U,0
759,1,1,1,0,4,1.0,0,1,56,3.0,2,1
760,0,3,0,0,0,1.0,0,1,18,1.0,U,0
761,0,3,0,0,0,2.0,0,1,30,0.0,U,0
762,1,3,0,1,0,1.0,0,1,21,0.0,U,0
763,1,1,1,0,2,2.0,3,0,41,3.0,2,0
764,0,3,0,0,0,1.0,0,1,22,0.0,U,0
765,1,1,1,0,2,2.0,1,0,36,3.0,4,1
766,0,1,0,1,4,2.0,0,1,25,3.0,U,0
767,0,3,1,2,1,1.0,0,1,18,0.0,U,0
768,0,3,0,2,0,1.0,1,0,19,2.0,U,0
769,0,3,0,0,0,1.0,0,1,32,1.0,U,0
770,0,3,0,0,0,1.0,0,1,22,1.0,U,0
771,0,3,0,0,0,2.0,0,1,23,0.0,U,0
772,0,2,1,0,2,3.0,0,1,17,1.0,5,1
773,0,3,0,1,0,1.0,0,1,15,0.0,U,0
774,1,2,1,0,2,3.0,4,0,37,2.0,U,0
775,0,3,0,0,0,1.0,0,1,39,0.0,U,0
776,0,3,0,2,0,2.0,0,1,16,0.0,6,0
777,1,3,1,0,1,0.0,0,1,29,1.0,U,0
778,0,3,0,2,0,1.0,0,1,23,0.0,U,0
779,1,1,1,0,2,2.0,1,0,53,3.0,2,1
780,1,3,1,1,1,0.0,0,1,20,0.0,U,0
781,1,1,1,0,2,1.0,1,0,41,3.0,2,0
782,0,1,0,0,0,1.0,0,1,22,2.0,4,0
783,0,3,0,0,0,1.0,3,0,22,2.0,U,0
784,0,3,0,0,0,1.0,0,1,16,0.0,U,0
785,0,3,0,0,0,1.0,0,1,34,0.0,U,0
786,1,3,1,0,1,1.0,0,1,25,0.0,U,0
787,0,3,0,2,3,0.0,5,0,25,2.0,U,0
788,1,3,0,0,3,0.0,3,0,26,2.0,U,0
789,0,1,0,1,0,2.0,0,1,24,3.0,2,0
790,0,3,0,2,0,2.0,0,1,24,0.0,U,0
791,0,2,0,0,0,1.0,0,1,19,2.0,U,0
792,0,3,1,0,1,1.0,10,0,23,3.0,U,0
793,0,1,0,1,0,2.0,0,1,24,2.0,U,0
794,0,3,0,0,0,1.0,0,1,21,0.0,U,0
795,0,2,0,0,0,2.0,0,1,18,1.0,U,0
796,1,1,1,0,4,2.0,0,1,27,2.0,4,1
797,1,3,1,0,2,1.0,0,1,16,1.0,U,0
798,0,3,0,1,0,1.0,0,1,28,0.0,U,0
799,0,3,1,0,2,1.0,2,0,52,2.0,U,0
800,0,2,0,0,0,1.0,0,1,20,1.0,U,0
801,1,2,1,0,2,1.0,2,0,43,2.0,U,0
802,1,1,0,0,3,0.0,3,0,35,3.0,2,0
803,1,3,0,1,3,0.0,1,0,31,1.0,U,0
804,1,3,0,0,0,1.0,0,1,23,0.0,U,0
805,0,3,0,0,0,1.0,0,1,25,0.0,U,0
806,0,1,0,0,0,2.0,0,1,22,0.0,1,0
807,0,3,1,0,1,1.0,0,1,31,0.0,U,0
808,0,2,0,0,0,2.0,0,1,17,1.0,U,0
809,1,1,1,0,2,1.0,1,0,46,3.0,5,0
810,0,3,0,0,0,1.0,0,1,22,0.0,U,0
811,0,3,0,0,0,2.0,0,1,17,2.0,U,0
812,0,2,0,0,0,2.0,0,1,25,1.0,U,0
813,0,3,1,0,1,0.0,6,0,34,3.0,U,0
814,0,3,0,0,0,1.0,0,1,26,1.0,U,0
815,0,1,0,0,0,2.0,0,1,16,0.0,2,0
816,0,3,1,0,1,1.0,0,1,28,1.0,U,0
817,0,2,0,1,0,1.0,2,0,18,3.0,U,0
818,0,3,0,0,0,2.0,0,1,32,0.0,U,0
819,0,3,0,0,3,0.0,5,0,28,2.0,U,0
820,1,1,1,0,2,2.0,2,0,50,3.0,2,1
821,1,3,0,0,0,1.0,0,1,17,1.0,U,0
822,0,1,0,0,4,2.0,0,1,31,0.0,U,0
823,1,3,1,0,2,1.0,1,0,18,1.0,5,1
824,0,3,0,0,3,0.0,5,0,28,3.0,U,0
825,0,3,0,2,0,2.0,0,1,15,0.0,U,0
826,0,3,0,0,0,1.0,0,1,12,3.0,U,0
827,1,2,0,1,3,0.0,2,0,21,3.0,U,0
828,1,3,0,2,0,2.0,0,1,28,0.0,U,0
829,1,1,1,0,2,3.0,0,1,41,3.0,2,0
830,1,3,1,1,2,1.0,1,0,39,1.0,U,0
831,1,2,0,0,3,0.0,2,0,31,2.0,U,0
832,0,3,0,1,0,1.0,0,1,14,0.0,U,0
833,0,3,0,0,0,1.0,0,1,22,0.0,U,0
834,0,3,0,0,0,1.0,0,1,22,1.0,U,0
835,1,1,1,1,1,2.0,2,0,27,3.0,5,1
836,0,3,0,0,0,1.0,0,1,16,1.0,U,0
837,0,3,0,0,0,1.0,0,1,19,1.0,U,0
838,1,3,0,0,0,1.0,0,1,15,3.0,U,0
839,1,1,0,1,0,2.0,0,1,20,2.0,3,1
840,0,3,0,0,0,1.0,0,1,27,1.0,U,0
841,0,2,0,0,0,1.0,0,1,24,1.0,U,0
842,1,1,1,1,1,1.0,0,1,23,2.0,U,0
843,0,3,0,1,0,2.0,0,1,26,0.0,U,0
844,0,3,0,0,0,1.0,0,1,19,1.0,U,0
845,0,3,0,0,0,2.0,0,1,19,0.0,U,0
846,0,3,0,0,0,1.0,10,0,24,3.0,U,0
847,0,3,0,1,0,2.0,0,1,18,0.0,U,0
848,0,2,0,0,4,1.0,1,0,17,3.0,U,0
849,1,1,1,1,2,2.0,1,0,44,3.0,3,0
850,0,3,0,0,3,0.0,6,0,39,3.0,U,0
851,0,3,0,0,0,3.0,0,1,19,0.0,U,0
852,0,3,1,1,1,0.0,2,0,23,2.0,U,0
853,1,1,1,0,1,1.0,1,0,25,3.0,4,0
854,0,2,1,0,2,2.0,1,0,45,2.0,U,0
855,1,3,1,0,2,1.0,1,0,26,1.0,U,0
856,1,1,1,0,2,2.0,2,0,42,3.0,U,0
857,1,1,0,0,0,2.0,0,1,22,2.0,5,1
858,1,3,1,1,2,1.0,3,0,37,2.0,U,0
859,0,3,0,1,0,1.0,0,1,16,0.0,U,0
860,0,3,0,0,0,2.0,2,0,23,1.0,U,0
861,0,2,0,0,0,1.0,1,0,27,1.0,U,0
862,1,1,1,0,2,2.0,0,1,51,2.0,4,1
863,0,3,1,0,1,1.0,10,0,33,3.0,U,0
864,0,2,0,0,0,1.0,0,1,22,1.0,U,0
865,1,2,1,0,2,2.0,0,1,24,1.0,U,0
866,1,2,1,1,1,1.0,1,0,28,1.0,U,0
867,0,1,0,0,0,1.0,0,1,36,3.0,1,0
868,0,3,0,0,0,1.0,0,1,27,1.0,U,0
869,1,3,0,0,3,0.0,2,0,31,1.0,U,0
870,0,3,0,0,0,1.0,0,1,17,0.0,U,0
871,1,1,1,0,2,2.0,2,0,48,3.0,4,1
872,0,1,0,0,0,1.0,0,1,24,0.0,2,1
873,0,3,0,0,0,2.0,0,1,27,1.0,U,0
874,1,2,1,1,2,1.0,1,0,37,2.0,U,0
875,1,3,1,1,1,1.0,0,1,32,0.0,U,0
876,0,3,0,0,0,1.0,0,1,29,1.0,U,0
877,0,3,0,0,0,1.0,0,1,20,0.0,U,0
878,0,3,0,0,0,1.0,0,1,18,0.0,U,0
879,1,1,1,1,2,3.0,1,0,45,3.0,3,0
880,1,2,1,0,2,1.0,1,0,44,2.0,U,0
881,0,3,0,0,0,1.0,0,1,18,0.0,U,0
882,0,3,1,0,1,1.0,0,1,28,1.0,U,0
883,0,2,0,0,0,1.0,0,1,29,1.0,U,0
884,0,3,0,0,0,1.0,0,1,22,0.0,U,0
885,0,3,1,2,2,2.0,5,0,36,2.0,U,0
886,0,2,0,0,4,1.0,0,1,21,1.0,U,0
887,1,1,1,0,1,1.0,0,1,28,2.0,2,0
888,0,3,1,0,1,0.0,3,0,40,2.0,U,0
889,1,1,0,1,0,1.0,0,1,21,2.0,3,0
890,0,3,0,2,0,1.0,0,1,19,0.0,U,0
