,Survived,Pclass,Sex,Age,SibSp,Parch,Fare,Embarked,Title,AgeC,FamilySize,Alone,NameLength,FareC,NoCabin,Position,Pair
0,0,3,0,-0.5594724990738589,1,0,-0.5024451714361923,0,0,1.0,1,0,-0.427451270148532,0.0,True,0,2
1,1,1,1,0.6096611484699479,1,0,0.7868452935884461,1,2,2.0,1,0,2.590962057806627,3.0,False,3,1
2,1,3,1,-0.26718908718790724,0,0,-0.4888542575852486,0,1,1.0,0,1,-0.5352517461469306,1.0,True,0,2
3,1,1,1,0.39044858955548406,1,0,0.4207302360686478,0,2,2.0,1,0,1.8363587258178373,3.0,False,3,1
4,0,3,0,0.39044858955548406,0,0,-0.4863374216869257,0,0,2.0,0,1,-0.3196507941501335,1.0,True,0,2
5,0,3,0,-0.41438723187861115,0,0,-0.47811642890864375,2,0,1.0,0,1,-1.1820546021373217,1.0,True,0,2
6,0,1,0,1.7787947960137545,0,0,0.395813560675251,0,0,3.0,0,1,-0.427451270148532,3.0,False,5,0
7,0,3,0,-2.020889558503617,3,1,-0.22408312108167944,0,3,0.0,4,0,0.32715206184025775,2.0,True,0,2
8,1,3,1,-0.1941182342164193,0,2,-0.4242561406845337,0,2,1.0,2,0,2.37536110580983,1.0,True,0,2
9,1,2,1,-1.1440393228457624,1,0,-0.04295550208861427,1,2,0.0,1,0,0.8661544418322504,2.0,True,0,2
10,1,3,1,-1.8747478525606416,1,1,-0.312172377522981,0,1,0.0,2,0,0.4349525378386563,2.0,False,7,0
11,1,1,1,2.0710782078997063,0,0,-0.11384570873513637,0,1,3.0,0,1,-0.3196507941501335,2.0,False,3,1
12,0,3,0,-0.7056142050168347,0,0,-0.4863374216869257,0,0,1.0,0,1,0.32715206184025775,1.0,True,0,2
13,0,3,0,0.6827320014414358,1,5,-0.018709311778530763,0,0,2.0,6,0,0.0037506338450621194,3.0,True,0,2
14,0,3,1,-1.1440393228457624,0,0,-0.4902797934380587,0,1,0.0,0,1,0.9739549178306489,0.0,True,0,2
15,1,2,1,1.8518656489852423,0,0,-0.3262666585535892,0,2,3.0,0,1,0.5427530138370548,2.0,True,0,2
16,0,3,0,-2.020889558503617,4,1,-0.061998889229684634,2,3,0.0,5,0,-0.7508526981437277,2.0,True,0,2
17,1,2,0,0.13973979035346068,0,0,-0.3866707201133388,0,0,1.0,0,1,0.11155110984346066,1.0,True,0,2
18,0,3,1,0.09816517766953237,1,0,-0.2859972841804228,0,2,1.0,1,0,3.022163961800221,2.0,True,0,2
19,1,3,1,0.2298315592374049,0,0,-0.5029485386158568,1,2,1.0,0,1,-0.427451270148532,0.0,True,0,2
20,0,2,0,0.39044858955548406,0,0,-0.12491978668775715,0,0,2.0,0,1,-0.7508526981437277,2.0,True,0,2
21,1,2,0,0.3173777365839961,0,0,-0.3866707201133388,0,0,1.0,0,1,-0.6430522221453292,1.0,False,4,0
22,1,3,1,-1.0709684698742745,0,0,-0.4867562231804066,2,1,1.0,0,1,0.0037506338450621194,1.0,True,0,2
23,1,1,0,-0.12104738124493139,0,0,0.06635974158478332,0,0,1.0,0,1,0.11155110984346066,3.0,False,1,0
24,0,3,1,-1.58246444067469,3,1,-0.22408312108167944,0,1,0.0,4,0,0.2193515858418592,2.0,True,0,2
25,1,3,1,0.6096611484699479,1,5,-0.01644415947004014,0,2,2.0,6,0,3.2377649137970184,3.0,True,0,2
26,0,3,0,0.2074185080362966,0,0,-0.5029485386158568,1,0,1.0,0,1,-0.427451270148532,0.0,True,0,2
27,0,1,0,-0.7786850579883227,3,2,4.647001076532463,0,0,1.0,5,0,0.32715206184025775,3.0,False,3,1
28,1,3,1,-0.6024378996537618,0,0,-0.48977642625839407,2,1,1.0,0,1,0.2193515858418592,0.0,True,0,2
29,0,3,0,-0.12463663341656385,0,0,-0.4894421904510968,0,0,1.0,0,1,-0.8586531741421263,0.0,True,0,2
30,0,1,0,0.7558028544129237,0,0,-0.09027201697708476,1,4,2.0,0,1,-0.3196507941501335,2.0,True,0,2
31,1,1,1,-0.08510017512560823,1,0,2.301728820789,1,2,1.0,1,0,2.0519596778146343,3.0,False,2,0
32,1,3,1,-0.2550892970945485,0,0,-0.49237782784290063,2,1,1.0,0,1,-0.3196507941501335,0.0,True,0,2
33,0,2,0,2.6556450316716096,0,0,-0.43700743807979686,0,0,3.0,0,1,-0.6430522221453292,1.0,True,0,2
34,0,1,0,-0.12104738124493139,1,0,1.0060617003323709,1,0,1.0,1,0,-0.427451270148532,3.0,True,0,2
35,0,1,0,0.9019445603558995,1,0,0.39858208016340624,0,0,2.0,1,0,0.32715206184025775,3.0,True,0,2
36,1,3,0,-0.34841372605725074,0,0,-0.5028639729296732,1,0,1.0,0,1,-1.1820546021373217,0.0,True,0,2
37,0,3,0,-0.6325433520453468,0,0,-0.4863374216869257,0,0,1.0,0,1,-0.3196507941501335,1.0,True,0,2
38,0,3,1,-0.8517559109598105,2,0,-0.2859972841804228,0,1,1.0,2,0,0.7583539658338518,2.0,True,0,2
39,1,3,1,-1.1440393228457624,1,0,-0.42207354059350805,1,1,0.0,1,0,0.0037506338450621194,1.0,True,0,2
40,0,3,1,0.7558028544129237,1,0,-0.4576454924460446,0,2,2.0,1,0,2.0519596778146343,1.0,True,0,2
41,0,2,1,-0.1941182342164193,1,0,-0.22559322262067316,0,2,1.0,1,0,3.1299644377986198,2.0,True,0,2
42,0,3,0,-0.12463663341656385,0,0,-0.4894421904510968,1,0,1.0,0,1,-0.8586531741421263,0.0,True,0,2
43,1,2,1,-1.9478187055321294,1,2,0.18876253192945994,1,1,0.0,3,0,1.4051568218242432,3.0,True,0,2
44,1,3,1,-0.7786850579883227,0,0,-0.48977642625839407,2,1,1.0,0,1,0.2193515858418592,0.0,True,0,2
45,0,3,0,0.0805800027243082,0,0,-0.4863374216869257,0,0,1.0,0,1,-0.3196507941501335,1.0,True,0,2
46,0,3,0,0.306328031788937,1,0,-0.3363340021468808,2,0,1.0,1,0,-1.0742541261389231,2.0,True,0,2
47,1,3,1,-0.2550892970945485,0,0,-0.49237782784290063,2,1,1.0,0,1,-0.21185031815173497,0.0,True,0,2
48,0,3,0,-0.3222716069436577,2,0,-0.21191774308354583,1,0,1.0,2,0,-0.8586531741421263,2.0,True,0,2
49,0,3,1,-0.8517559109598105,1,0,-0.29002422161773944,0,2,1.0,1,0,1.944159201816236,2.0,True,0,2
50,0,3,0,-1.6555352936461778,4,1,0.1506737441786005,0,3,0.0,5,0,-0.10404984215333643,3.0,True,0,2
51,0,3,0,-0.6325433520453468,0,0,-0.4913710934835715,0,0,1.0,0,1,0.11155110984346066,0.0,True,0,2
52,1,1,1,1.413440531156315,1,0,0.8964967865378598,1,2,2.0,1,0,1.4051568218242432,3.0,False,4,1
53,1,2,1,-0.04797652827344347,1,0,-0.12491978668775715,0,2,1.0,1,0,2.483161581808228,2.0,True,0,2
54,0,1,0,2.5825741787001215,0,1,0.5995101505357573,1,0,3.0,1,0,0.32715206184025775,3.0,False,2,0
55,1,1,0,0.7780291811155277,0,0,0.06635974158478332,0,0,2.0,0,1,-1.0742541261389231,3.0,False,3,0
56,1,2,1,-0.6325433520453468,0,0,-0.43700743807979686,0,1,1.0,0,1,-1.0742541261389231,1.0,True,0,2
57,0,3,0,-0.08451195475918744,0,0,-0.5028639729296732,1,0,1.0,0,1,-0.8586531741421263,0.0,True,0,2
58,1,2,1,-1.8016769995891537,1,2,-0.08968408411123653,0,1,0.0,3,0,0.11155110984346066,2.0,True,0,2
59,0,3,0,-1.3632518817602262,5,2,0.2958951755118318,0,3,0.0,7,0,0.7583539658338518,3.0,True,0,2
60,0,3,0,-0.5594724990738589,0,0,-0.5028639729296732,1,0,1.0,0,1,-0.6430522221453292,0.0,True,0,2
61,1,1,1,0.6096611484699479,0,0,0.962353321387736,0,1,2.0,0,1,-0.8586531741421263,3.0,False,2,0
62,0,1,0,1.121157119270363,1,0,1.0323213593611125,0,0,2.0,1,0,0.0037506338450621194,3.0,False,3,1
63,0,3,0,-1.8747478525606416,3,2,-0.08666388103324908,0,3,0.0,5,0,-0.6430522221453292,2.0,True,0,2
64,0,1,0,0.5036439581037284,0,0,-0.09027201697708476,1,0,2.0,0,1,-0.6430522221453292,2.0,True,0,2
65,1,3,0,-1.7665091689274062,1,1,-0.3414522396297103,1,3,0.0,2,0,-0.3196507941501335,2.0,True,0,2
66,1,2,1,-0.04797652827344347,0,0,-0.43700743807979686,0,2,1.0,0,1,0.11155110984346066,1.0,False,6,1
67,0,3,0,-0.7786850579883227,0,0,-0.4841568350646187,0,0,1.0,0,1,-0.3196507941501335,1.0,True,0,2
68,1,3,1,-0.9248267639312985,4,2,-0.4888542575852486,0,1,1.0,6,0,0.4349525378386563,1.0,True,0,2
69,0,3,0,-0.26718908718790724,2,0,-0.47400492578514347,0,0,1.0,2,0,-1.0742541261389231,1.0,True,0,2
70,0,2,0,0.1712360306410203,0,0,-0.43700743807979686,0,0,1.0,0,1,-0.10404984215333643,1.0,True,0,2
71,0,3,1,-0.9978976169027864,5,2,0.2958951755118318,0,1,1.0,7,0,-0.10404984215333643,3.0,True,0,2
72,0,2,0,-0.6325433520453468,0,0,0.8314778546749452,0,0,1.0,0,1,-0.7508526981437277,3.0,True,0,2
73,0,3,0,-0.26718908718790724,1,0,-0.3573908580066095,1,0,1.0,1,0,0.0037506338450621194,1.0,True,0,2
74,1,3,0,0.1712360306410203,0,0,0.48910360681684706,0,0,1.0,0,1,-1.5054560301325173,3.0,True,0,2
75,0,3,0,-0.34025994015939515,0,0,-0.494391296561559,0,0,1.0,0,1,-0.427451270148532,0.0,False,6,1
76,0,3,0,-0.12463663341656385,0,0,-0.4894421904510968,0,0,1.0,0,1,-1.0742541261389231,0.0,True,0,2
77,0,3,0,0.0805800027243082,0,0,-0.4863374216869257,0,0,1.0,0,1,-0.3196507941501335,1.0,True,0,2
78,1,2,0,-2.106382456480258,0,2,-0.06451572512800753,0,3,0.0,2,0,0.2193515858418592,2.0,True,0,2
79,1,3,1,0.025094324698044453,0,0,-0.397241430886295,0,1,1.0,0,1,-0.3196507941501335,1.0,True,0,2
80,0,3,0,-0.5594724990738589,0,0,-0.46720946885967163,0,0,1.0,0,1,-0.7508526981437277,1.0,True,0,2
81,1,3,0,-0.04797652827344347,0,0,-0.45714212526638004,0,0,1.0,0,1,0.0037506338450621194,1.0,True,0,2
82,1,3,1,-0.5688840183465015,0,0,-0.49162277707340374,2,1,1.0,0,1,0.32715206184025775,0.0,True,0,2
83,0,1,0,-0.12104738124493139,0,0,0.29992211294914856,0,0,1.0,0,1,-0.427451270148532,3.0,True,0,2
84,1,2,1,-0.9248267639312985,0,0,-0.43700743807979686,0,1,1.0,0,1,-0.8586531741421263,1.0,True,0,2
85,1,3,1,0.24430688361250824,3,0,-0.32928686163157667,0,2,1.0,3,0,3.022163961800221,2.0,True,0,2
86,0,3,0,-0.9978976169027864,1,3,0.0437082184998772,0,0,1.0,4,0,-0.5352517461469306,3.0,True,0,2
87,0,3,0,0.0805800027243082,0,0,-0.4863374216869257,0,0,1.0,0,1,0.2193515858418592,1.0,True,0,2
88,1,1,1,-0.486401646102371,3,2,4.647001076532463,0,1,1.0,5,0,-0.10404984215333643,3.0,False,3,1
89,0,3,0,-0.4133307931308831,0,0,-0.4863374216869257,0,0,1.0,0,1,-0.5352517461469306,1.0,True,0,2
90,0,3,0,-0.04797652827344347,0,0,-0.4863374216869257,0,0,1.0,0,1,-0.7508526981437277,1.0,True,0,2
91,0,3,0,-0.7056142050168347,0,0,-0.4902797934380587,0,0,1.0,0,1,-0.10404984215333643,0.0,True,0,2
92,0,1,0,1.1942279722418512,1,0,0.5833178351003071,0,0,2.0,1,0,0.0037506338450621194,3.0,False,5,1
93,0,3,0,-0.26718908718790724,1,2,-0.23415046467497105,0,0,1.0,3,0,-0.427451270148532,2.0,True,0,2
94,0,3,0,2.1441490608711944,0,0,-0.5024451714361923,0,0,3.0,0,1,-1.0742541261389231,0.0,True,0,2
95,0,3,0,0.0805800027243082,0,0,-0.4863374216869257,0,0,1.0,0,1,0.0037506338450621194,1.0,True,0,2
96,0,1,0,3.020999296529049,0,0,0.04932982316237129,1,0,3.0,0,1,-0.21185031815173497,3.0,False,1,1
97,1,1,0,-0.486401646102371,0,1,0.6272778976347743,1,0,1.0,1,0,0.4349525378386563,3.0,False,4,0
98,1,2,1,0.3173777365839961,0,1,-0.18532384824750675,0,2,1.0,1,0,0.9739549178306489,2.0,True,0,2
99,0,2,0,0.3173777365839961,1,0,-0.12491978668775715,0,0,1.0,1,0,-1.0742541261389231,2.0,True,0,2
100,0,3,1,-0.12104738124493139,0,0,-0.4894421904510968,0,1,1.0,0,1,-0.427451270148532,0.0,True,0,2
101,0,3,0,-0.12463663341656385,0,0,-0.4894421904510968,0,0,1.0,0,1,0.5427530138370548,0.0,True,0,2
102,0,1,0,-0.6325433520453468,0,1,0.907737982394129,0,0,1.0,1,0,-0.21185031815173497,3.0,False,4,0
103,0,3,0,0.24430688361250824,0,0,-0.4741720436887921,0,0,1.0,0,1,-0.10404984215333643,1.0,True,0,2
104,0,3,0,0.5365902954984599,2,0,-0.4888542575852486,0,0,2.0,2,0,0.32715206184025775,1.0,True,0,2
105,0,3,0,-0.12104738124493139,0,0,-0.4894421904510968,0,0,1.0,0,1,-0.6430522221453292,0.0,True,0,2
106,1,3,1,-0.6325433520453468,0,0,-0.494391296561559,0,1,1.0,0,1,0.5427530138370548,0.0,True,0,2
107,1,3,0,0.012542740982157137,0,0,-0.4918744606632361,0,0,1.0,0,1,-0.5352517461469306,0.0,True,0,2
108,0,3,0,0.6096611484699479,0,0,-0.4894421904510968,0,0,2.0,0,1,-1.2898550781357203,0.0,True,0,2
109,1,3,1,-0.2609276215452715,1,0,-0.1621689579829361,2,1,1.0,1,0,-0.8586531741421263,2.0,True,0,2
110,0,1,0,1.267298825213339,0,0,0.39858208016340624,0,0,2.0,0,1,0.32715206184025775,3.0,False,3,0
111,0,3,1,-1.1075038963600183,1,0,-0.3573908580066095,1,1,1.0,1,0,-0.7508526981437277,1.0,True,0,2
112,0,3,0,-0.5594724990738589,0,0,-0.4863374216869257,0,0,1.0,0,1,-0.5352517461469306,1.0,True,0,2
113,0,3,1,-0.7056142050168347,1,0,-0.4505983519307405,0,1,1.0,1,0,-0.427451270148532,1.0,True,0,2
114,0,3,1,-0.9248267639312985,0,0,-0.3573083057891445,1,1,1.0,0,1,-0.6430522221453292,1.0,True,0,2
115,0,3,0,-0.6325433520453468,0,0,-0.4888542575852486,0,0,1.0,0,1,-0.6430522221453292,1.0,True,0,2
116,0,3,0,2.9844638700433053,0,0,-0.49237782784290063,2,0,3.0,0,1,-0.7508526981437277,0.0,True,0,2
117,0,2,0,-0.04797652827344347,1,0,-0.22559322262067316,0,0,1.0,1,0,0.4349525378386563,2.0,True,0,2
118,0,1,0,-0.4133307931308831,0,1,4.335332226633905,1,0,1.0,1,0,-0.3196507941501335,3.0,False,2,0
119,0,3,1,-2.020889558503617,4,2,-0.018709311778530763,0,1,0.0,6,0,0.6505534898354534,3.0,True,0,2
120,0,2,0,-0.6325433520453468,2,0,0.8314778546749452,0,0,1.0,2,0,0.0037506338450621194,3.0,True,0,2
121,0,3,0,0.0805800027243082,0,0,-0.4863374216869257,0,0,1.0,0,1,-0.10404984215333643,1.0,True,0,2
122,0,2,0,0.20777145712676426,1,0,-0.04295550208861427,1,0,1.0,1,0,-0.7508526981437277,2.0,True,0,2
123,1,2,1,0.20777145712676426,0,0,-0.3866707201133388,0,1,1.0,0,1,-0.8586531741421263,1.0,False,5,1
124,0,1,0,1.7787947960137545,0,1,0.907737982394129,0,0,3.0,1,0,0.0037506338450621194,3.0,False,4,0
125,1,3,0,-1.2901810287887383,1,0,-0.42207354059350805,1,3,0.0,1,0,0.11155110984346066,1.0,True,0,2
126,0,3,0,0.9211687442324055,0,0,-0.49237782784290063,2,0,2.0,0,1,-0.8586531741421263,0.0,True,0,2
127,1,3,0,-0.4133307931308831,0,0,-0.5046257580584992,0,0,1.0,0,1,-0.21185031815173497,0.0,True,0,2
128,1,3,1,-1.7716357451612506,1,1,-0.19824427701513722,1,1,0.0,2,0,-1.0742541261389231,2.0,False,6,1
129,0,3,0,1.121157119270363,0,0,-0.5079822104125026,0,0,2.0,0,1,-0.9664536501405248,0.0,True,0,2
130,0,3,0,0.24430688361250824,0,0,-0.4894421904510968,1,0,1.0,0,1,-0.7508526981437277,0.0,True,0,2
131,0,3,0,-0.7056142050168347,0,0,-0.5064721088735089,0,0,1.0,0,1,0.32715206184025775,0.0,True,0,2
132,0,3,1,1.267298825213339,1,0,-0.35646868933346404,0,2,2.0,1,0,2.0519596778146343,1.0,True,0,2
133,1,2,1,-0.04797652827344347,1,0,-0.12491978668775715,0,2,1.0,1,0,1.944159201816236,2.0,True,0,2
134,0,2,0,-0.34025994015939515,0,0,-0.3866707201133388,0,0,1.0,0,1,0.32715206184025775,1.0,True,0,2
135,0,2,0,-0.486401646102371,0,0,-0.3454791770670269,1,0,1.0,0,1,-0.9664536501405248,2.0,True,0,2
136,1,1,1,-0.7786850579883227,0,2,-0.11921562980779811,0,1,1.0,2,0,0.11155110984346066,2.0,False,4,1
137,0,1,0,0.5365902954984599,1,0,0.4207302360686478,0,0,2.0,1,0,0.0037506338450621194,3.0,False,3,1
138,0,3,0,-0.9978976169027864,0,0,-0.4628462821463391,0,0,1.0,0,1,-0.8586531741421263,1.0,True,0,2
139,0,1,0,-0.4133307931308831,0,0,0.9462455716384695,1,0,1.0,0,1,-0.9664536501405248,3.0,False,2,0
140,0,3,1,-0.1029258097080023,0,2,-0.3414522396297103,1,2,1.0,2,0,0.2193515858418592,2.0,True,0,2
141,1,3,1,-0.5594724990738589,0,0,-0.49237782784290063,0,1,1.0,0,1,-0.3196507941501335,0.0,True,0,2
142,1,3,1,-0.4133307931308831,1,0,-0.32928686163157667,0,2,1.0,1,0,2.6987625338050254,2.0,True,0,2
143,0,3,0,-0.7786850579883227,0,0,-0.5125125150294839,2,0,1.0,0,1,-0.8586531741421263,0.0,True,0,2
144,0,2,0,-0.8517559109598105,0,0,-0.41687275089321363,0,0,1.0,0,1,-0.10404984215333643,1.0,True,0,2
145,0,2,0,-0.7786850579883227,1,1,0.09152810056801232,0,0,1.0,2,0,0.11155110984346066,3.0,True,0,2
146,1,3,0,-0.1941182342164193,0,0,-0.49145565916975514,0,0,1.0,0,1,1.8363587258178373,0.0,True,0,2
147,0,3,1,-1.5093935877032019,2,2,0.0437082184998772,0,1,0.0,4,0,0.5427530138370548,3.0,True,0,2
148,0,2,0,0.500054869012716,0,2,-0.12491978668775715,0,0,2.0,2,0,1.4051568218242432,2.0,False,6,0
149,0,2,0,0.9019445603558995,0,0,-0.3866707201133388,0,4,2.0,0,1,0.6505534898354534,1.0,True,0,2
150,0,2,0,1.5595822370992907,0,0,-0.39623469652696586,0,4,2.0,0,1,-0.10404984215333643,1.0,True,0,2
151,1,1,1,-0.5594724990738589,1,0,0.6925485130875209,0,2,1.0,1,0,0.6505534898354534,3.0,False,3,0
152,0,3,0,1.8884010754709863,0,0,-0.4863374216869257,0,0,3.0,0,1,-1.1820546021373217,1.0,True,0,2
153,0,3,0,0.7923382808986676,0,2,-0.35646868933346404,0,0,2.0,2,0,0.4349525378386563,1.0,True,0,2
154,0,3,0,0.06545881977822089,0,0,-0.5011867534870308,0,0,1.0,0,1,-0.6430522221453292,0.0,True,0,2
155,0,1,0,1.5595822370992907,0,1,0.5874293382238074,1,0,2.0,1,0,0.0037506338450621194,3.0,True,0,2
156,1,3,1,-0.9978976169027864,0,0,-0.49271407711891657,2,1,1.0,0,1,0.5427530138370548,0.0,True,0,2
157,0,3,0,0.025094324698044453,0,0,-0.4863374216869257,0,0,1.0,0,1,-1.2898550781357203,1.0,True,0,2
158,0,3,0,-0.2785696336692469,0,0,-0.47400492578514347,0,0,1.0,0,1,-0.8586531741421263,1.0,True,0,2
159,0,3,0,-1.5730124706747697,8,2,0.7519458402879414,0,3,0.0,10,0,-0.10404984215333643,3.0,True,0,2
160,0,3,0,1.0480862662988752,0,1,-0.32425318983493084,0,0,2.0,1,0,-0.3196507941501335,2.0,True,0,2
161,1,2,1,0.7558028544129237,0,0,-0.331300330350235,0,2,2.0,0,1,2.483161581808228,2.0,True,0,2
162,0,3,0,-0.26718908718790724,0,0,-0.4918744606632361,0,0,1.0,0,1,-0.10404984215333643,0.0,True,0,2
163,0,3,0,-0.9248267639312985,0,0,-0.47400492578514347,0,0,1.0,0,1,-1.2898550781357203,1.0,True,0,2
164,0,3,0,-2.093960411475105,4,1,0.1506737441786005,0,3,0.0,5,0,0.11155110984346066,3.0,True,0,2
165,1,3,0,-1.5093935877032019,0,2,-0.2351571990343002,0,3,0.0,2,0,2.159760153813033,2.0,True,0,2
166,1,1,1,0.9105559603785892,0,1,0.4589861417231558,0,2,2.0,1,0,1.1895558698274462,3.0,False,5,1
167,0,3,1,1.121157119270363,1,4,-0.08666388103324908,0,2,2.0,5,0,2.159760153813033,2.0,True,0,2
168,0,1,0,0.8698457814894416,0,0,-0.12642988822675086,0,0,2.0,0,1,-0.8586531741421263,2.0,True,0,2
169,0,3,0,-0.12104738124493139,0,0,0.48910360681684706,0,0,1.0,0,1,-1.5054560301325173,3.0,True,0,2
170,0,1,0,2.29029076681417,0,0,0.0260903672116169,0,0,3.0,0,1,-0.21185031815173497,3.0,False,2,1
171,0,3,0,-1.8747478525606416,4,1,-0.061998889229684634,2,3,0.0,5,0,-0.7508526981437277,2.0,True,0,2
172,1,3,1,-2.093960411475105,1,1,-0.4242561406845337,0,1,0.0,2,0,0.11155110984346066,1.0,True,0,2
173,0,3,0,-0.6325433520453468,0,0,-0.4888542575852486,0,0,1.0,0,1,-0.21185031815173497,1.0,True,0,2
174,0,1,0,1.9249365019567304,0,0,-0.030371322596999758,1,0,3.0,0,1,-0.427451270148532,2.0,False,1,1
175,0,3,0,-0.8517559109598105,1,1,-0.4902797934380587,0,0,1.0,2,0,-0.5352517461469306,0.0,True,0,2
176,0,3,0,-1.7422405820554667,3,1,-0.13565761536436197,0,3,0.0,4,0,0.2193515858418592,2.0,True,0,2
177,0,1,1,1.4865113841278028,0,0,-0.07030444769415023,1,1,2.0,0,1,-0.10404984215333643,2.0,False,3,1
178,0,2,0,0.025094324698044453,0,0,-0.3866707201133388,0,0,1.0,0,1,-0.9664536501405248,1.0,True,0,2
179,0,3,0,0.46351944252697197,0,0,-0.6484216535389205,0,0,2.0,0,1,-0.8586531741421263,0.0,True,0,2
180,0,3,1,-1.0217556273507902,8,2,0.7519458402879414,0,1,1.0,10,0,0.11155110984346066,3.0,True,0,2
181,0,2,0,-0.002876749138765249,0,0,-0.34539461138084326,1,0,1.0,0,1,-1.1820546021373217,2.0,True,0,2
182,0,3,0,-1.5093935877032019,4,2,-0.01644415947004014,0,3,0.0,6,0,1.0817553938290476,3.0,True,0,2
183,1,2,0,-2.093960411475105,2,1,0.13683114673782454,0,3,0.0,3,0,-0.21185031815173497,3.0,False,6,0
184,1,3,1,-1.8747478525606416,0,2,-0.20495516825442542,0,1,0.0,2,0,0.8661544418322504,2.0,True,0,2
185,0,1,0,2.139604053816368,0,0,0.3583127057902398,0,0,3.0,0,1,-0.6430522221453292,3.0,False,1,0
186,1,3,1,0.07770533883751567,1,0,-0.3363340021468808,2,2,1.0,1,0,2.159760153813033,2.0,True,0,2
187,1,1,0,1.121157119270363,0,0,-0.11384570873513637,0,0,2.0,0,1,1.944159201816236,2.0,True,0,2
188,0,3,0,0.7558028544129237,1,1,-0.3363340021468808,2,0,2.0,2,0,-1.1820546021373217,2.0,True,0,2
189,0,3,0,0.46351944252697197,0,0,-0.4894421904510968,0,0,2.0,0,1,-0.8586531741421263,0.0,True,0,2
190,1,2,1,0.1712360306410203,0,0,-0.3866707201133388,0,2,1.0,0,1,-0.8586531741421263,1.0,True,0,2
191,0,2,0,-0.7786850579883227,0,0,-0.3866707201133388,0,0,1.0,0,1,-0.6430522221453292,1.0,True,0,2
192,1,3,1,-0.7786850579883227,1,0,-0.4902797934380587,0,1,1.0,1,0,2.159760153813033,0.0,True,0,2
193,1,2,0,-1.9478187055321294,1,1,-0.12491978668775715,0,3,0.0,2,0,-0.10404984215333643,2.0,False,6,0
194,1,1,1,1.0480862662988752,0,0,-0.09027201697708476,1,2,2.0,0,1,1.5129572978226418,2.0,False,2,0
195,1,1,1,2.0710782078997063,0,0,2.301728820789,1,1,3.0,0,1,-0.7508526981437277,3.0,False,2,0
196,0,3,0,0.9211687442324055,0,0,-0.49237782784290063,2,0,2.0,0,1,-0.8586531741421263,0.0,True,0,2
197,0,3,0,0.9019445603558995,0,1,-0.47920571548543794,0,0,2.0,1,0,0.5427530138370548,1.0,True,0,2
198,1,3,1,-0.2550892970945485,0,0,-0.49237782784290063,2,1,1.0,0,1,0.5427530138370548,0.0,True,0,2
199,0,2,1,-0.4133307931308831,0,0,-0.3866707201133388,0,1,1.0,0,1,1.1895558698274462,1.0,True,0,2
200,0,3,0,-0.12104738124493139,0,0,-0.45714212526638004,0,0,1.0,0,1,0.32715206184025775,1.0,True,0,2
201,0,3,0,-1.0145261073439982,8,2,0.7519458402879414,0,0,1.0,10,0,-0.8586531741421263,3.0,True,0,2
202,0,3,0,0.3173777365839961,0,0,-0.5176307525123133,0,0,1.0,0,1,-0.10404984215333643,0.0,True,0,2
203,0,3,0,1.1576925457561071,0,0,-0.5029485386158568,1,0,2.0,0,1,-0.7508526981437277,0.0,True,0,2
204,1,3,0,-0.8517559109598105,0,0,-0.4863374216869257,0,0,1.0,0,1,-0.3196507941501335,1.0,True,0,2
205,0,3,1,-2.020889558503617,0,1,-0.43776248884929375,0,1,0.0,1,0,-0.10404984215333643,1.0,False,7,0
206,0,3,0,0.1712360306410203,1,0,-0.32928686163157667,0,0,1.0,1,0,-0.10404984215333643,2.0,True,0,2
207,1,3,0,-0.26718908718790724,0,0,-0.2701412180209885,1,0,1.0,0,1,0.0037506338450621194,2.0,True,0,2
208,1,3,1,-0.9978976169027864,0,0,-0.49237782784290063,2,1,1.0,0,1,-0.21185031815173497,0.0,True,0,2
209,1,1,0,0.7558028544129237,0,0,-0.024246350754841117,1,0,2.0,0,1,-1.1820546021373217,2.0,False,1,1
210,0,3,0,-0.4133307931308831,0,0,-0.5064721088735089,0,0,1.0,0,1,-1.397655554134119,0.0,True,0,2
211,1,2,1,0.39044858955548406,0,0,-0.22559322262067316,0,1,2.0,0,1,-0.10404984215333643,2.0,True,0,2
212,0,3,0,-0.5594724990738589,0,0,-0.5024451714361923,0,0,1.0,0,1,-0.5352517461469306,0.0,True,0,2
213,0,2,0,0.025094324698044453,0,0,-0.3866707201133388,0,0,1.0,0,1,0.0037506338450621194,1.0,True,0,2
214,0,3,0,0.31911618310117584,1,0,-0.49237782784290063,2,0,2.0,1,0,-0.8586531741421263,0.0,True,0,2
215,1,1,1,0.09816517766953237,1,0,1.6323350375212924,1,1,1.0,1,0,-0.427451270148532,3.0,False,4,0
216,1,3,1,-0.1941182342164193,0,0,-0.4888542575852486,0,1,1.0,0,1,-0.5352517461469306,1.0,True,0,2
217,0,2,0,0.9019445603558995,1,0,-0.10478509950117394,0,0,2.0,1,0,0.11155110984346066,2.0,True,0,2
218,1,1,1,0.1712360306410203,0,0,0.8876878608937296,1,1,1.0,0,1,-0.6430522221453292,3.0,False,4,1
219,0,2,0,0.025094324698044453,0,0,-0.43700743807979686,0,0,1.0,0,1,-0.9664536501405248,1.0,True,0,2
220,1,3,0,-0.9978976169027864,0,0,-0.4863374216869257,0,0,1.0,0,1,0.32715206184025775,1.0,True,0,2
221,0,2,0,-0.1941182342164193,0,0,-0.3866707201133388,0,0,1.0,0,1,-0.7508526981437277,1.0,True,0,2
222,0,3,0,1.5595822370992907,0,0,-0.4863374216869257,0,0,2.0,0,1,-0.427451270148532,1.0,True,0,2
223,0,3,0,-0.12463663341656385,0,0,-0.4894421904510968,0,0,1.0,0,1,-0.7508526981437277,0.0,True,0,2
224,1,1,0,0.6096611484699479,1,0,1.163700193253568,0,0,2.0,1,0,0.11155110984346066,3.0,False,3,1
225,0,3,0,-0.5594724990738589,0,0,-0.4601623283443675,0,0,1.0,0,1,0.11155110984346066,1.0,True,0,2
226,1,2,0,-0.7786850579883227,0,0,-0.43700743807979686,0,0,1.0,0,1,-0.21185031815173497,1.0,True,0,2
227,0,3,0,-0.6690787785310908,0,0,-0.5024451714361923,0,0,1.0,0,1,0.4349525378386563,0.0,True,0,2
228,0,2,0,-0.8517559109598105,0,0,-0.3866707201133388,0,0,1.0,0,1,-0.21185031815173497,1.0,True,0,2
229,0,3,1,-1.66760819335743,3,1,-0.13565761536436197,0,1,0.0,4,0,-0.427451270148532,2.0,True,0,2
230,1,1,1,0.39044858955548406,1,0,1.0323213593611125,0,2,2.0,1,0,1.8363587258178373,3.0,False,3,1
231,0,3,0,-0.04797652827344347,0,0,-0.4918744606632361,0,0,1.0,0,1,-0.3196507941501335,0.0,True,0,2
232,0,2,0,2.1441490608711944,0,0,-0.3766033765200472,0,0,3.0,0,1,-0.21185031815173497,1.0,True,0,2
233,1,3,1,-1.8016769995891537,4,2,-0.01644415947004014,0,1,0.0,6,0,0.32715206184025775,3.0,True,0,2
234,0,2,0,-0.4133307931308831,0,0,-0.43700743807979686,0,0,1.0,0,1,0.6505534898354534,1.0,True,0,2
235,0,3,1,-0.5978812400121547,0,0,-0.49640476528021726,0,1,1.0,0,1,0.11155110984346066,0.0,True,0,2
236,0,2,0,1.0480862662988752,1,0,-0.12491978668775715,0,0,2.0,1,0,-1.0742541261389231,2.0,True,0,2
237,1,2,1,-1.58246444067469,0,2,-0.11988611489111134,0,1,0.0,2,0,0.5427530138370548,2.0,True,0,2
238,0,2,0,-0.7786850579883227,0,0,-0.43700743807979686,0,0,1.0,0,1,0.4349525378386563,1.0,True,0,2
239,0,2,0,0.24430688361250824,0,0,-0.4012683683236117,0,0,1.0,0,1,-0.5352517461469306,1.0,True,0,2
240,0,3,1,-0.8966172242018768,1,0,-0.3573908580066095,1,1,1.0,1,0,-0.6430522221453292,1.0,True,0,2
241,1,3,1,-0.4430104188205731,1,0,-0.3363340021468808,2,1,1.0,1,0,0.32715206184025775,2.0,True,0,2
242,0,2,0,-0.04797652827344347,0,0,-0.43700743807979686,0,0,1.0,0,1,0.4349525378386563,1.0,True,0,2
243,0,3,0,-0.5594724990738589,0,0,-0.5049620073345151,0,0,1.0,0,1,0.2193515858418592,0.0,True,0,2
244,0,3,0,0.025094324698044453,0,0,-0.5029485386158568,1,0,1.0,0,1,-0.7508526981437277,0.0,True,0,2
245,0,1,0,1.0480862662988752,2,0,1.163700193253568,2,4,2.0,2,0,0.0037506338450621194,3.0,False,3,0
246,0,3,1,-0.34025994015939515,0,0,-0.4918744606632361,0,1,1.0,0,1,1.0817553938290476,0.0,True,0,2
247,1,2,1,-0.4133307931308831,0,2,-0.35646868933346404,0,2,1.0,2,0,0.4349525378386563,1.0,True,0,2
248,1,1,0,0.5365902954984599,1,1,0.40974072380221066,0,0,2.0,2,0,0.2193515858418592,3.0,False,4,1
249,0,2,0,1.7787947960137545,1,0,-0.12491978668775715,0,4,3.0,1,0,0.2193515858418592,2.0,True,0,2
250,0,3,0,0.06545881977822089,0,0,-0.5024451714361923,0,0,1.0,0,1,-0.5352517461469306,0.0,True,0,2
251,0,3,1,-0.04797652827344347,1,1,-0.43776248884929375,0,2,1.0,2,0,1.6207577738210404,1.0,False,7,0
252,0,1,0,2.3633616197856577,0,0,-0.11384570873513637,0,0,3.0,0,1,-0.21185031815173497,2.0,False,3,1
253,0,3,0,0.025094324698044453,1,0,-0.32425318983493084,0,0,1.0,1,0,-0.3196507941501335,2.0,True,0,2
254,0,3,1,0.8288737073844116,0,2,-0.2414492887801075,0,2,2.0,2,0,1.4051568218242432,2.0,True,0,2
255,1,3,1,-0.04797652827344347,0,2,-0.3414522396297103,1,2,1.0,2,0,1.2973563458258446,2.0,True,0,2
256,1,1,1,1.5969019574069288,0,0,0.9462455716384695,1,2,2.0,0,1,0.32715206184025775,3.0,True,0,2
257,1,1,1,0.025094324698044453,0,0,1.093228788100527,0,1,1.0,0,1,-0.7508526981437277,3.0,False,2,1
258,1,1,1,0.39044858955548406,0,0,9.667166525013505,1,1,2.0,0,1,-1.1820546021373217,3.0,True,0,2
259,1,2,1,1.4865113841278028,0,1,-0.12491978668775715,0,2,2.0,1,0,0.0037506338450621194,2.0,True,0,2
260,0,3,0,0.9211687442324055,0,0,-0.49237782784290063,2,0,2.0,0,1,-1.0742541261389231,0.0,True,0,2
261,1,3,0,-1.9478187055321294,4,2,-0.01644415947004014,0,3,0.0,6,0,0.6505534898354534,3.0,True,0,2
262,0,1,0,1.6326530900707787,1,1,0.955306180872432,0,0,2.0,2,0,-1.0742541261389231,3.0,False,5,1
263,0,1,0,0.7558028544129237,0,0,-0.6484216535389205,0,0,2.0,0,1,-0.6430522221453292,0.0,False,2,0
264,0,3,1,-0.2550892970945485,0,0,-0.49237782784290063,2,1,1.0,0,1,-0.9664536501405248,0.0,True,0,2
265,0,2,0,0.46351944252697197,0,0,-0.43700743807979686,0,0,2.0,0,1,-1.0742541261389231,1.0,True,0,2
266,0,3,0,-0.9978976169027864,4,1,0.1506737441786005,0,0,1.0,5,0,-0.21185031815173497,3.0,True,0,2
267,1,3,0,-0.34025994015939515,1,0,-0.4918744606632361,0,0,1.0,1,0,-0.3196507941501335,0.0,True,0,2
268,1,1,1,2.0710782078997063,0,1,2.441497778832105,0,2,3.0,1,0,1.944159201816236,3.0,False,3,1
269,1,1,1,0.39044858955548406,0,0,2.0825124140450755,0,1,2.0,0,1,-0.5352517461469306,3.0,False,3,1
270,0,1,0,0.9877662771709133,0,0,-0.024246350754841117,0,0,2.0,0,1,-0.6430522221453292,2.0,True,0,2
271,1,3,0,-0.34025994015939515,0,0,-0.6484216535389205,0,0,1.0,0,1,0.11155110984346066,0.0,True,0,2
272,1,2,1,0.8288737073844116,0,1,-0.255795253400548,0,2,2.0,1,0,1.5129572978226418,2.0,True,0,2
273,0,1,0,0.5365902954984599,0,1,-0.0504214440973993,1,0,2.0,1,0,-0.6430522221453292,2.0,False,3,0
274,1,3,1,-0.2550892970945485,0,0,-0.49237782784290063,2,1,1.0,0,1,-0.10404984215333643,0.0,True,0,2
275,1,1,1,2.436432472757146,1,0,0.921244330558889,0,1,3.0,1,0,0.6505534898354534,3.0,False,4,1
276,0,3,1,1.121157119270363,0,0,-0.49237782784290063,0,1,2.0,0,1,0.6505534898354534,0.0,True,0,2
277,0,2,0,0.3640106339607978,0,0,-0.6484216535389205,0,0,2.0,0,1,0.0037506338450621194,0.0,True,0,2
278,0,3,0,-1.6555352936461778,4,1,-0.061998889229684634,2,3,0.0,5,0,-0.9664536501405248,2.0,True,0,2
279,1,3,1,0.39044858955548406,1,1,-0.24069423801061057,0,2,2.0,2,0,0.5427530138370548,2.0,True,0,2
280,0,3,0,2.5825741787001215,0,0,-0.49237782784290063,2,0,3.0,0,1,-1.1820546021373217,0.0,True,0,2
281,0,3,0,-0.12104738124493139,0,0,-0.4902797934380587,0,0,1.0,0,1,0.5427530138370548,0.0,True,0,2
282,0,3,0,-0.9978976169027864,0,0,-0.45714212526638004,0,0,1.0,0,1,-0.21185031815173497,1.0,True,0,2
283,1,3,0,-0.7786850579883227,0,0,-0.4863374216869257,0,0,1.0,0,1,-0.10404984215333643,1.0,True,0,2
284,0,1,0,0.7633105491711516,0,0,-0.12491978668775715,0,0,2.0,0,1,-0.10404984215333643,2.0,False,1,1
285,0,3,0,0.24430688361250824,0,0,-0.47400492578514347,1,0,1.0,0,1,-0.8586531741421263,1.0,True,0,2
286,1,3,0,0.025094324698044453,0,0,-0.45714212526638004,0,0,1.0,0,1,-0.427451270148532,1.0,True,0,2
287,0,3,0,-0.5594724990738589,0,0,-0.4894421904510968,0,0,1.0,0,1,-0.7508526981437277,0.0,True,0,2
288,1,2,0,0.9019445603558995,0,0,-0.3866707201133388,0,0,2.0,0,1,-0.7508526981437277,1.0,True,0,2
289,1,3,1,-0.5594724990738589,0,0,-0.49237782784290063,2,1,1.0,0,1,-0.7508526981437277,0.0,True,0,2
290,1,1,1,-0.26718908718790724,0,0,0.9391984311231651,0,1,1.0,0,1,0.11155110984346066,3.0,True,0,2
291,1,1,1,-0.7786850579883227,1,0,1.1854295476653287,1,2,1.0,1,0,1.2973563458258446,3.0,False,2,1
292,0,2,0,0.46351944252697197,0,0,-0.3891875560116617,1,0,2.0,0,1,-0.5352517461469306,1.0,False,4,0
293,0,3,1,-0.4133307931308831,0,0,-0.4702296719376591,0,1,1.0,0,1,-0.8586531741421263,1.0,True,0,2
294,0,3,0,-0.4133307931308831,0,0,-0.4894421904510968,0,0,1.0,0,1,-1.1820546021373217,0.0,True,0,2
295,0,1,0,0.5036439581037284,0,0,-0.09027201697708476,1,0,2.0,0,1,-1.0742541261389231,2.0,True,0,2
296,0,3,0,-0.44986621961662704,0,0,-0.5028639729296732,1,0,1.0,0,1,-0.9664536501405248,0.0,True,0,2
297,0,1,1,-2.020889558503617,1,2,2.4029901895877646,0,1,0.0,3,0,0.11155110984346066,3.0,False,3,0
298,1,1,0,0.8949699474397711,0,0,-0.03431369434813272,0,0,2.0,0,1,-0.6430522221453292,2.0,False,3,0
299,1,1,1,1.4865113841278028,0,1,4.335332226633905,1,2,2.0,1,0,2.159760153813033,3.0,False,2,0
300,1,3,1,-0.2550892970945485,0,0,-0.49237782784290063,2,1,1.0,0,1,1.4051568218242432,0.0,True,0,2
301,1,3,0,-0.3829749860787595,2,0,-0.18029017645086096,2,0,1.0,2,0,-0.9664536501405248,2.0,True,0,2
302,0,3,0,-0.7786850579883227,0,0,-0.6484216535389205,0,0,1.0,0,1,0.4349525378386563,0.0,True,0,2
303,1,2,1,-0.23176949111312853,0,0,-0.3997582667846179,2,1,1.0,0,1,-0.8586531741421263,1.0,False,5,1
304,0,3,0,0.0805800027243082,0,0,-0.4863374216869257,0,0,1.0,0,1,0.6505534898354534,1.0,True,0,2
305,1,1,0,-2.099806079712824,1,2,2.4029901895877646,0,3,0.0,3,0,0.32715206184025775,3.0,False,3,0
306,1,1,1,-0.03919776120180474,0,0,1.5841789061771412,1,1,1.0,0,1,-0.427451270148532,3.0,True,0,2
307,1,1,1,-0.9248267639312985,1,0,1.5442457810799908,1,2,1.0,1,0,5.932776813756981,3.0,False,3,1
308,0,2,0,0.025094324698044453,1,0,-0.16518916106092355,1,0,1.0,1,0,-0.8586531741421263,2.0,True,0,2
309,1,1,1,0.025094324698044453,0,0,0.49782998024351216,1,1,1.0,0,1,0.32715206184025775,3.0,False,5,0
310,1,1,1,-0.4133307931308831,0,0,1.0259447039291216,1,1,1.0,0,1,0.32715206184025775,3.0,False,3,0
311,1,1,1,-0.8517559109598105,2,2,4.634416897040849,1,1,1.0,4,0,-0.10404984215333643,3.0,False,2,1
312,0,2,1,-0.26718908718790724,1,1,-0.12491978668775715,0,2,1.0,2,0,1.0817553938290476,2.0,True,0,2
313,0,3,0,-0.12104738124493139,0,0,-0.4894421904510968,0,0,1.0,0,1,-0.5352517461469306,0.0,True,0,2
314,0,2,0,0.9750154133273875,1,1,-0.11988611489111134,0,0,2.0,2,0,-0.9664536501405248,2.0,True,0,2
315,1,3,1,-0.26718908718790724,0,0,-0.4902797934380587,0,1,1.0,0,1,0.4349525378386563,0.0,True,0,2
316,1,2,1,-0.4133307931308831,1,0,-0.12491978668775715,0,2,1.0,1,0,0.8661544418322504,2.0,True,0,2
317,0,2,0,1.7787947960137545,0,0,-0.36653603292675563,0,4,3.0,0,1,-0.7508526981437277,1.0,True,0,2
318,1,1,1,0.09816517766953237,0,2,2.671117778445337,0,1,1.0,2,0,-0.3196507941501335,3.0,False,3,1
319,1,1,1,0.7558028544129237,1,1,2.059693773056521,1,2,2.0,2,0,3.1299644377986198,3.0,False,5,0
320,0,3,0,-0.5594724990738589,0,0,-0.5024451714361923,0,0,1.0,0,1,-0.9664536501405248,0.0,True,0,2
321,0,3,0,-0.1941182342164193,0,0,-0.4894421904510968,0,0,1.0,0,1,-1.1820546021373217,0.0,True,0,2
322,1,2,1,0.025094324698044453,0,0,-0.3997582667846179,2,1,1.0,0,1,-0.21185031815173497,1.0,True,0,2
323,1,2,1,-0.5594724990738589,1,1,-0.06451572512800753,0,2,1.0,2,0,2.590962057806627,2.0,True,0,2
324,0,3,0,-1.0145261073439982,8,2,0.7519458402879414,0,0,1.0,10,0,-0.3196507941501335,3.0,True,0,2
325,1,1,1,0.46351944252697197,0,0,2.0825124140450755,1,1,2.0,0,1,-0.3196507941501335,3.0,False,3,0
326,0,3,0,2.29029076681417,0,0,-0.5228315422126077,0,0,3.0,0,1,-0.21185031815173497,0.0,True,0,2
327,1,2,1,0.46351944252697197,0,0,-0.3866707201133388,0,2,2.0,0,1,-0.427451270148532,1.0,False,4,0
328,1,3,1,0.09816517766953237,1,1,-0.2351571990343002,0,2,1.0,2,0,2.0519596778146343,2.0,True,0,2
329,1,1,1,-0.9978976169027864,0,1,0.5189714017894245,1,1,1.0,1,0,0.11155110984346066,3.0,False,2,0
330,1,3,1,-0.524937387188209,2,0,-0.18029017645086096,2,1,1.0,2,0,-0.9664536501405248,2.0,True,0,2
331,0,1,0,1.1576925457561071,0,0,-0.07458306872129913,0,0,2.0,0,1,-0.8586531741421263,2.0,False,3,0
332,0,1,0,0.6096611484699479,0,1,2.441497778832105,0,0,2.0,1,0,-0.21185031815173497,3.0,False,3,1
333,0,3,0,-0.9978976169027864,2,0,-0.2859972841804228,0,0,1.0,2,0,0.4349525378386563,2.0,True,0,2
334,1,1,1,-0.31640717805440244,1,0,2.042579288947925,0,2,1.0,1,0,2.483161581808228,3.0,True,0,2
335,0,3,0,-0.12463663341656385,0,0,-0.4894421904510968,0,0,1.0,0,1,-0.9664536501405248,0.0,True,0,2
336,0,1,0,-0.04797652827344347,1,0,0.6925485130875209,0,0,1.0,1,0,-0.21185031815173497,3.0,False,3,0
337,1,1,1,0.8288737073844116,0,0,2.059693773056521,1,1,2.0,0,1,0.4349525378386563,3.0,False,5,0
338,1,3,0,1.121157119270363,0,0,-0.4863374216869257,0,0,2.0,0,1,-0.6430522221453292,1.0,True,0,2
339,0,1,0,1.121157119270363,0,0,0.06635974158478332,0,0,2.0,0,1,0.11155110984346066,3.0,False,8,0
340,1,2,0,-2.020889558503617,1,1,-0.12491978668775715,0,3,0.0,2,0,0.32715206184025775,2.0,False,6,0
341,1,1,1,-0.4133307931308831,3,2,4.647001076532463,0,1,1.0,5,0,0.32715206184025775,3.0,False,3,1
342,0,2,0,-0.12104738124493139,0,0,-0.3866707201133388,0,0,1.0,0,1,-0.10404984215333643,1.0,True,0,2
343,0,2,0,-0.34025994015939515,0,0,-0.3866707201133388,0,0,1.0,0,1,1.6207577738210404,1.0,True,0,2
344,0,2,0,0.46351944252697197,0,0,-0.3866707201133388,0,0,2.0,0,1,-0.427451270148532,1.0,True,0,2
345,1,2,1,-0.4133307931308831,0,0,-0.3866707201133388,0,1,1.0,0,1,0.2193515858418592,1.0,False,6,1
346,1,2,1,0.7558028544129237,0,0,-0.3866707201133388,0,1,2.0,0,1,-0.21185031815173497,1.0,True,0,2
347,1,3,1,-0.16533562523095005,1,0,-0.32425318983493084,0,2,1.0,1,0,1.5129572978226418,2.0,True,0,2
348,1,3,0,-1.9478187055321294,1,1,-0.32828012727224753,0,3,0.0,2,0,1.1895558698274462,2.0,True,0,2
349,0,3,0,0.9019445603558995,0,0,-0.47400492578514347,0,0,2.0,0,1,-1.1820546021373217,1.0,True,0,2
350,0,3,0,-0.486401646102371,0,0,-0.4626791642426904,0,0,1.0,0,1,-0.5352517461469306,1.0,True,0,2
351,0,1,0,2.1802498897599794,0,0,0.0562923979914917,0,0,3.0,0,1,1.1895558698274462,3.0,False,3,0
352,0,3,0,-1.0709684698742745,1,1,-0.5028639729296732,1,0,1.0,2,0,-0.9664536501405248,0.0,True,0,2
353,0,3,0,-0.34025994015939515,1,0,-0.29002422161773944,0,0,1.0,1,0,-0.21185031815173497,2.0,True,0,2
354,0,3,0,0.2074185080362966,0,0,-0.5029485386158568,1,0,1.0,0,1,-1.0742541261389231,0.0,True,0,2
355,0,3,0,-0.12104738124493139,0,0,-0.45714212526638004,0,0,1.0,0,1,0.0037506338450621194,1.0,True,0,2
356,1,1,1,-0.5594724990738589,0,1,0.4589861417231558,0,1,1.0,1,0,0.0037506338450621194,3.0,False,5,1
357,0,2,1,0.6096611484699479,0,0,-0.3866707201133388,0,1,2.0,0,1,-0.21185031815173497,1.0,True,0,2
358,1,3,1,-0.6024378996537618,0,0,-0.48977642625839407,2,1,1.0,0,1,-0.7508526981437277,0.0,True,0,2
359,1,3,1,-0.6024378996537618,0,0,-0.48977642625839407,2,1,1.0,0,1,0.6505534898354534,0.0,True,0,2
360,0,3,0,0.7558028544129237,1,4,-0.08666388103324908,0,0,2.0,5,0,-0.9664536501405248,2.0,True,0,2
361,0,2,0,-0.04797652827344347,1,0,-0.09027201697708476,1,0,1.0,1,0,-0.21185031815173497,2.0,True,0,2
362,0,3,1,1.121157119270363,0,1,-0.3573908580066095,1,2,2.0,1,0,0.4349525378386563,1.0,True,0,2
363,0,3,0,0.39044858955548406,0,0,-0.5064721088735089,0,0,2.0,0,1,-1.2898550781357203,0.0,True,0,2
364,0,3,0,0.306328031788937,1,0,-0.3363340021468808,2,0,1.0,1,0,-0.8586531741421263,2.0,True,0,2
365,0,3,0,0.025094324698044453,0,0,-0.5024451714361923,0,0,1.0,0,1,0.32715206184025775,0.0,True,0,2
366,1,1,1,2.217219913842682,1,0,0.8667135572514657,1,2,3.0,1,0,2.2675606298114315,3.0,False,4,1
367,1,3,1,0.2026520435762925,0,0,-0.5028639729296732,1,2,1.0,0,1,0.32715206184025775,0.0,True,0,2
368,1,3,1,-0.2550892970945485,0,0,-0.49237782784290063,2,1,1.0,0,1,-0.8586531741421263,0.0,True,0,2
369,1,1,1,-0.4133307931308831,0,0,0.7469121684912956,1,4,1.0,0,1,0.2193515858418592,3.0,False,2,1
370,1,1,0,-0.34025994015939515,1,0,0.4678796330534696,1,0,1.0,1,0,0.0037506338450621194,3.0,False,5,0
371,0,3,0,-0.8517559109598105,1,0,-0.5176307525123133,0,0,1.0,1,0,-0.21185031815173497,0.0,True,0,2
372,0,3,0,-0.7786850579883227,0,0,-0.4863374216869257,0,0,1.0,0,1,-0.10404984215333643,1.0,True,0,2
373,0,1,0,-0.5594724990738589,0,0,2.0825124140450755,1,0,1.0,0,1,-0.8586531741421263,3.0,True,0,2
374,0,3,1,-1.9478187055321294,3,1,-0.22408312108167944,0,1,0.0,4,0,-0.10404984215333643,2.0,True,0,2
375,1,1,1,0.582844145429412,1,0,1.0060617003323709,1,2,2.0,1,0,1.0817553938290476,3.0,True,0,2
376,1,3,1,-0.5594724990738589,0,0,-0.5024451714361923,0,1,1.0,0,1,0.4349525378386563,0.0,True,0,2
377,0,1,0,-0.1941182342164193,0,2,3.610064686423428,1,0,1.0,2,0,-0.21185031815173497,3.0,False,3,0
378,0,3,0,-0.7056142050168347,0,0,-0.5676312212027554,1,0,1.0,0,1,-0.8586531741421263,0.0,True,0,2
379,0,3,0,-0.7786850579883227,0,0,-0.4918744606632361,0,0,1.0,0,1,0.0037506338450621194,0.0,True,0,2
380,1,1,1,0.9019445603558995,0,0,3.9327230485884233,1,1,2.0,0,1,-0.6430522221453292,3.0,True,0,2
381,1,3,1,-2.093960411475105,0,2,-0.33146744825388363,1,1,0.0,2,0,0.0037506338450621194,2.0,True,0,2
382,0,3,0,0.1712360306410203,0,0,-0.4888542575852486,0,0,1.0,0,1,-0.9664536501405248,1.0,True,0,2
383,1,1,1,0.39044858955548406,1,0,0.39858208016340624,0,2,2.0,1,0,2.590962057806627,3.0,True,0,2
384,0,3,0,-0.12463663341656385,0,0,-0.4894421904510968,0,0,1.0,0,1,-0.5352517461469306,0.0,True,0,2
385,0,2,0,-0.8517559109598105,0,0,0.8314778546749452,0,0,1.0,0,1,-0.21185031815173497,3.0,True,0,2
386,0,3,0,-2.093960411475105,5,2,0.2958951755118318,0,3,0.0,7,0,0.4349525378386563,3.0,True,0,2
387,1,2,1,0.46351944252697197,0,0,-0.3866707201133388,0,1,2.0,0,1,-1.1820546021373217,1.0,True,0,2
388,0,3,0,-0.3570153296663973,0,0,-0.49279662933638163,2,0,1.0,0,1,-0.7508526981437277,0.0,True,0,2
389,1,2,1,-0.9248267639312985,0,0,-0.40680540729992204,1,1,1.0,0,1,-0.6430522221453292,1.0,True,0,2
390,1,1,0,0.46351944252697197,1,2,1.7677408088510642,0,0,2.0,3,0,-0.10404984215333643,3.0,False,2,0
391,1,3,0,-0.6325433520453468,0,0,-0.49145565916975514,0,0,1.0,0,1,-0.5352517461469306,0.0,True,0,2
392,0,3,0,-0.12104738124493139,2,0,-0.4888542575852486,0,0,1.0,2,0,0.11155110984346066,1.0,True,0,2
393,1,1,1,-0.486401646102371,1,0,1.6323350375212924,1,1,1.0,1,0,-0.5352517461469306,3.0,False,4,0
394,1,3,1,-0.4133307931308831,0,2,-0.312172377522981,0,2,1.0,2,0,2.590962057806627,2.0,False,7,0
395,0,3,0,-0.5594724990738589,0,0,-0.49145565916975514,0,0,1.0,0,1,-0.8586531741421263,0.0,True,0,2
396,0,3,1,0.09816517766953237,0,0,-0.4902797934380587,0,1,1.0,0,1,-0.8586531741421263,0.0,True,0,2
397,0,2,0,1.1942279722418512,0,0,-0.12491978668775715,0,0,2.0,0,1,-0.427451270148532,2.0,True,0,2
398,0,2,0,-0.486401646102371,0,0,-0.43700743807979686,0,4,1.0,0,1,-1.1820546021373217,1.0,True,0,2
399,1,2,1,-0.12104738124493139,0,0,-0.393717860628643,0,2,1.0,0,1,0.5427530138370548,1.0,True,0,2
400,1,3,0,0.6827320014414358,0,0,-0.4888542575852486,0,0,2.0,0,1,-0.9664536501405248,1.0,True,0,2
401,0,3,0,-0.26718908718790724,0,0,-0.4863374216869257,0,0,1.0,0,1,-1.2898550781357203,1.0,True,0,2
402,0,3,1,-0.6325433520453468,1,0,-0.4505983519307405,0,1,1.0,1,0,-0.3196507941501335,1.0,True,0,2
403,0,3,0,-0.12104738124493139,1,0,-0.32928686163157667,0,0,1.0,1,0,0.32715206184025775,2.0,True,0,2
404,0,3,1,-0.7056142050168347,0,0,-0.47400492578514347,0,1,1.0,0,1,-0.427451270148532,1.0,True,0,2
405,0,2,0,0.3173777365839961,1,0,-0.22559322262067316,0,0,1.0,1,0,-0.9664536501405248,2.0,True,0,2
406,0,3,0,1.5595822370992907,0,0,-0.49237782784290063,0,0,2.0,0,1,0.5427530138370548,0.0,True,0,2
407,1,2,0,-1.9478187055321294,1,1,-0.2708962687904854,0,3,0.0,2,0,0.32715206184025775,2.0,True,0,2
408,0,3,0,-0.6325433520453468,0,0,-0.4918744606632361,0,0,1.0,0,1,0.6505534898354534,0.0,True,0,2
409,0,3,1,-1.66760819335743,3,1,-0.13565761536436197,0,1,0.0,4,0,-0.9664536501405248,2.0,True,0,2
410,0,3,0,-0.12463663341656385,0,0,-0.4894421904510968,0,0,1.0,0,1,-0.9664536501405248,0.0,True,0,2
411,0,3,0,-0.3558323538005774,0,0,-0.5103319284071769,2,0,1.0,0,1,-1.2898550781357203,0.0,True,0,2
412,1,1,1,0.24430688361250824,1,0,1.163700193253568,2,1,1.0,1,0,-0.5352517461469306,3.0,False,3,0
413,0,2,0,0.3640106339607978,0,0,-0.6484216535389205,0,0,2.0,0,1,0.32715206184025775,0.0,True,0,2
414,1,3,0,1.0480862662988752,0,0,-0.4888542575852486,0,0,2.0,0,1,-0.21185031815173497,1.0,True,0,2
415,0,3,1,0.39887464368475256,0,0,-0.4863374216869257,0,2,2.0,0,1,1.2973563458258446,1.0,True,0,2
416,1,2,1,0.3173777365839961,1,1,0.005955680025033692,0,2,1.0,2,0,2.159760153813033,3.0,True,0,2
417,1,2,1,-0.8517559109598105,0,2,-0.3866707201133388,0,1,1.0,2,0,0.2193515858418592,1.0,True,0,2
418,0,2,0,0.025094324698044453,0,0,-0.3866707201133388,0,0,1.0,0,1,-0.10404984215333643,1.0,True,0,2
419,0,3,1,-1.436322734731714,0,2,-0.1621689579829361,0,1,0.0,2,0,-0.21185031815173497,2.0,True,0,2
420,0,3,0,-0.12463663341656385,0,0,-0.4894421904510968,1,0,1.0,0,1,-0.5352517461469306,0.0,True,0,2
421,0,3,0,-0.6325433520453468,0,0,-0.49271407711891657,2,0,1.0,0,1,-0.8586531741421263,0.0,True,0,2
422,0,3,0,-0.04797652827344347,0,0,-0.4898609919445778,0,0,1.0,0,1,-0.9664536501405248,0.0,True,0,2
423,0,3,1,-0.12104738124493139,1,1,-0.35848215805212236,0,2,1.0,2,0,2.9143634858018226,1.0,True,0,2
424,0,3,0,-0.8517559109598105,1,1,-0.2414492887801075,0,0,1.0,2,0,0.0037506338450621194,2.0,True,0,2
425,0,3,0,0.06545881977822089,0,0,-0.5024451714361923,0,0,1.0,0,1,-0.5352517461469306,0.0,True,0,2
426,1,2,1,-0.12104738124493139,1,0,-0.12491978668775715,0,2,1.0,1,0,1.728558249819439,2.0,True,0,2
427,1,2,1,-0.7786850579883227,0,0,-0.12491978668775715,0,1,1.0,0,1,4.315769673781004,2.0,True,0,2
428,0,3,0,0.9211687442324055,0,0,-0.49237782784290063,2,0,2.0,0,1,-1.1820546021373217,0.0,True,0,2
429,1,3,0,0.1712360306410203,0,0,-0.4863374216869257,0,0,1.0,0,1,0.7583539658338518,1.0,False,5,0
430,1,1,0,-0.12104738124493139,0,0,-0.11384570873513637,0,0,1.0,0,1,1.5129572978226418,2.0,False,3,0
431,1,3,1,-0.16533562523095005,1,0,-0.32425318983493084,0,2,1.0,1,0,2.37536110580983,2.0,True,0,2
432,1,2,1,0.9019445603558995,1,0,-0.12491978668775715,0,2,2.0,1,0,2.590962057806627,2.0,True,0,2
433,0,3,0,-0.9248267639312985,0,0,-0.5049620073345151,0,0,1.0,0,1,-0.10404984215333643,0.0,True,0,2
434,0,1,0,1.4865113841278028,1,0,0.4771073601910807,0,0,2.0,1,0,-0.21185031815173497,3.0,False,5,0
435,1,1,1,-1.1440393228457624,1,2,1.7677408088510642,0,1,0.0,3,0,-0.21185031815173497,3.0,False,2,0
436,0,3,1,-0.6325433520453468,2,2,0.0437082184998772,0,1,1.0,4,0,0.9739549178306489,3.0,True,0,2
437,1,2,1,-0.4133307931308831,2,3,-0.2708962687904854,0,2,1.0,5,0,1.0817553938290476,2.0,True,0,2
438,0,1,0,2.509503325728634,1,4,4.647001076532463,0,0,3.0,5,0,-1.0742541261389231,3.0,False,3,1
439,0,2,0,0.09816517766953237,0,0,-0.43700743807979686,0,0,1.0,0,1,1.1895558698274462,1.0,True,0,2
440,1,2,1,1.121157119270363,1,1,-0.11988611489111134,0,2,2.0,2,0,1.728558249819439,2.0,True,0,2
441,0,3,0,-0.7056142050168347,0,0,-0.45714212526638004,0,0,1.0,0,1,-1.2898550781357203,1.0,True,0,2
442,0,3,0,-0.34025994015939515,1,0,-0.4918744606632361,0,0,1.0,1,0,-0.21185031815173497,0.0,True,0,2
443,1,2,1,-0.12104738124493139,0,0,-0.3866707201133388,0,4,1.0,0,1,-0.21185031815173497,1.0,True,0,2
444,1,3,0,-0.46676039094221694,0,0,-0.48507900373776425,0,0,1.0,0,1,0.6505534898354534,1.0,True,0,2
445,1,1,0,-1.8747478525606416,0,2,0.9997696105865636,0,3,0.0,2,0,-0.21185031815173497,3.0,False,1,0
446,1,2,1,-1.2171101758172502,0,1,-0.255795253400548,0,1,0.0,1,0,0.6505534898354534,2.0,True,0,2
447,1,1,0,0.3173777365839961,0,0,-0.11384570873513637,0,0,1.0,0,1,0.0037506338450621194,2.0,True,0,2
448,1,3,1,-1.8016769995891537,2,1,-0.26066180729354516,1,1,0.0,3,0,0.32715206184025775,2.0,True,0,2
449,1,1,0,1.6326530900707787,0,0,-0.03431369434813272,0,4,2.0,0,1,0.32715206184025775,2.0,False,3,0
450,0,2,0,0.46351944252697197,1,2,-0.08968408411123653,0,0,2.0,3,0,-0.6430522221453292,2.0,True,0,2
451,0,3,0,0.0651664384603467,1,0,-0.2463983948905696,0,0,1.0,1,0,0.4349525378386563,2.0,True,0,2
452,0,1,0,0.025094324698044453,0,0,-0.08968408411123653,1,0,1.0,0,1,0.4349525378386563,2.0,False,3,1
453,1,1,0,1.413440531156315,1,0,1.145663540471827,1,0,2.0,1,0,-0.3196507941501335,3.0,False,3,0
454,0,3,0,0.0805800027243082,0,0,-0.4863374216869257,0,0,1.0,0,1,-0.8586531741421263,1.0,True,0,2
455,1,3,0,-0.04797652827344347,0,0,-0.4894421904510968,1,0,1.0,0,1,-0.9664536501405248,0.0,True,0,2
456,0,1,0,2.5825741787001215,0,0,-0.11384570873513637,0,0,3.0,0,1,-0.21185031815173497,2.0,False,5,0
457,1,1,1,0.5847601517650544,1,0,0.395813560675251,0,2,2.0,1,0,0.6505534898354534,3.0,False,4,1
458,1,2,1,1.4865113841278028,0,0,-0.43700743807979686,0,1,2.0,0,1,-0.8586531741421263,1.0,True,0,2
459,0,3,0,0.9211687442324055,0,0,-0.49237782784290063,2,0,2.0,0,1,-0.6430522221453292,0.0,True,0,2
460,1,1,0,1.3403696781848269,0,0,-0.11384570873513637,0,0,2.0,0,1,-0.8586531741421263,2.0,False,5,0
461,0,3,0,0.3173777365839961,0,0,-0.4863374216869257,0,0,1.0,0,1,-0.8586531741421263,1.0,True,0,2
462,0,1,0,1.267298825213339,0,0,0.12676380314453292,0,0,2.0,0,1,-1.0742541261389231,3.0,False,5,1
463,0,2,0,1.3403696781848269,0,0,-0.3866707201133388,0,0,2.0,0,1,0.11155110984346066,1.0,True,0,2
464,0,3,0,0.0805800027243082,0,0,-0.4863374216869257,0,0,1.0,0,1,-0.9664536501405248,1.0,True,0,2
465,0,3,0,0.6096611484699479,0,0,-0.5064721088735089,0,0,2.0,0,1,0.4349525378386563,0.0,True,0,2
466,0,2,0,0.3640106339607978,0,0,-0.6484216535389205,0,0,2.0,0,1,-0.6430522221453292,0.0,True,0,2
467,0,1,0,1.9249365019567304,0,0,-0.11384570873513637,0,0,3.0,0,1,-0.10404984215333643,2.0,True,0,2
468,0,3,0,-0.3570153296663973,0,0,-0.4928811950225652,2,0,1.0,0,1,-0.9664536501405248,0.0,True,0,2
469,1,3,1,-2.1122281247179773,2,1,-0.26066180729354516,1,1,0.0,3,0,0.2193515858418592,2.0,True,0,2
470,0,3,0,0.06545881977822089,0,0,-0.5024451714361923,0,0,1.0,0,1,-1.0742541261389231,0.0,True,0,2
471,0,3,0,0.6096611484699479,0,0,-0.47400492578514347,0,0,2.0,0,1,-1.2898550781357203,1.0,True,0,2
472,1,2,1,0.24430688361250824,1,2,-0.08968408411123653,0,2,1.0,3,0,1.2973563458258446,2.0,True,0,2
473,1,2,1,-0.486401646102371,0,0,-0.3707300882677209,1,2,1.0,0,1,1.8363587258178373,1.0,False,4,0
474,0,3,1,-0.5594724990738589,0,0,-0.45034666834090825,0,1,1.0,0,1,0.0037506338450621194,1.0,True,0,2
475,0,1,0,1.1935643033201018,0,0,0.39858208016340624,0,0,2.0,0,1,0.0037506338450621194,3.0,False,1,0
476,0,2,0,0.3173777365839961,1,0,-0.22559322262067316,0,0,1.0,1,0,-0.427451270148532,2.0,True,0,2
477,0,3,0,-0.04797652827344347,1,0,-0.5065566745596926,0,0,1.0,1,0,-0.21185031815173497,0.0,True,0,2
478,0,3,0,-0.5594724990738589,0,0,-0.4969926981460655,0,0,1.0,0,1,-0.21185031815173497,0.0,True,0,2
479,1,3,1,-2.020889558503617,0,1,-0.4010166847337793,0,1,0.0,1,0,-0.3196507941501335,1.0,True,0,2
480,0,3,0,-1.5093935877032019,5,2,0.2958951755118318,0,3,0.0,7,0,0.32715206184025775,3.0,True,0,2
481,0,2,0,0.3640106339607978,0,0,-0.6484216535389205,0,0,2.0,0,1,0.5427530138370548,0.0,True,0,2
482,0,3,0,1.4865113841278028,0,0,-0.4863374216869257,0,0,2.0,0,1,-0.3196507941501335,1.0,True,0,2
483,1,3,1,2.436432472757146,0,0,-0.455380340137554,0,2,3.0,0,1,-0.5352517461469306,1.0,True,0,2
484,1,1,0,-0.34025994015939515,1,0,1.1854295476653287,1,0,1.0,1,0,-0.427451270148532,3.0,False,2,1
485,0,3,1,-1.66760819335743,3,1,-0.13565761536436197,0,1,0.0,4,0,-0.5352517461469306,2.0,True,0,2
486,1,1,1,0.39044858955548406,1,0,1.163700193253568,0,2,2.0,1,0,2.159760153813033,3.0,False,3,1
487,0,1,0,2.0710782078997063,0,0,-0.0504214440973993,1,0,3.0,0,1,-0.427451270148532,2.0,False,2,1
488,0,3,0,0.025094324698044453,0,0,-0.4863374216869257,0,0,1.0,0,1,0.2193515858418592,1.0,True,0,2
489,1,3,0,-1.5093935877032019,1,1,-0.32828012727224753,0,3,0.0,2,0,1.0817553938290476,2.0,True,0,2
490,0,3,0,0.0651664384603467,1,0,-0.2463983948905696,0,0,1.0,1,0,0.9739549178306489,2.0,True,0,2
491,0,3,0,-0.6325433520453468,0,0,-0.5024451714361923,0,0,1.0,0,1,-0.8586531741421263,0.0,True,0,2
492,0,1,0,1.8518656489852423,0,0,-0.03431369434813272,0,0,3.0,0,1,-0.10404984215333643,2.0,False,3,0
493,0,1,0,3.020999296529049,0,0,0.3483299278831318,1,0,3.0,0,1,-0.427451270148532,3.0,True,0,2
494,0,3,0,-0.6325433520453468,0,0,-0.4863374216869257,0,0,1.0,0,1,-0.10404984215333643,1.0,True,0,2
495,0,3,0,-0.26993766838295125,0,0,-0.3573083057891445,1,0,1.0,0,1,-0.6430522221453292,1.0,True,0,2
496,1,1,1,1.7787947960137545,1,0,0.9274538680872313,1,1,3.0,1,0,0.32715206184025775,3.0,False,4,0
497,0,3,0,-0.002876749138765249,0,0,-0.3443878770215141,0,0,1.0,0,1,0.4349525378386563,2.0,True,0,2
498,0,1,1,-0.34025994015939515,1,2,2.4029901895877646,0,2,1.0,3,0,2.159760153813033,3.0,False,3,0
499,0,3,0,-0.4133307931308831,0,0,-0.49145565916975514,0,0,1.0,0,1,-0.9664536501405248,0.0,True,0,2
500,0,3,0,-0.9248267639312985,0,0,-0.47400492578514347,0,0,1.0,0,1,-1.1820546021373217,1.0,True,0,2
501,0,3,1,-0.6325433520453468,0,0,-0.49237782784290063,2,1,1.0,0,1,-0.8586531741421263,0.0,True,0,2
502,0,3,1,-0.6079968267403587,0,0,-0.4948100980550399,2,1,1.0,0,1,0.32715206184025775,0.0,True,0,2
503,0,3,1,0.5365902954984599,0,0,-0.455380340137554,0,1,2.0,0,1,0.32715206184025775,1.0,True,0,2
504,1,1,1,-0.9978976169027864,0,0,1.093228788100527,0,1,1.0,0,1,-0.6430522221453292,3.0,False,2,1
505,0,1,0,-0.8517559109598105,1,0,1.5442457810799908,1,0,1.0,1,0,1.6207577738210404,3.0,False,3,1
506,1,2,1,0.24430688361250824,0,2,-0.12491978668775715,0,2,1.0,2,0,1.944159201816236,2.0,True,0,2
507,1,1,0,1.3901111061581293,0,0,-0.11384570873513637,0,0,2.0,0,1,1.944159201816236,2.0,True,0,2
508,0,3,0,-0.12104738124493139,0,0,-0.1948878246611338,0,0,1.0,0,1,-0.3196507941501335,2.0,True,0,2
509,1,3,0,-0.26718908718790724,0,0,0.48910360681684706,0,0,1.0,0,1,-1.397655554134119,3.0,True,0,2
510,1,3,0,-0.04797652827344347,0,0,-0.49237782784290063,2,0,1.0,0,1,-0.3196507941501335,0.0,True,0,2
511,0,3,0,0.0805800027243082,0,0,-0.4863374216869257,0,0,1.0,0,1,-1.0742541261389231,1.0,True,0,2
512,1,1,0,0.46351944252697197,0,0,-0.11913106412161445,0,0,2.0,0,1,-0.21185031815173497,2.0,False,5,1
513,1,1,1,1.7787947960137545,1,0,0.5475787653441219,1,2,3.0,1,0,2.0519596778146343,3.0,True,0,2
514,0,3,0,-0.4133307931308831,0,0,-0.4974960653257301,0,0,1.0,0,1,-1.0742541261389231,0.0,True,0,2
515,0,1,0,1.267298825213339,0,0,0.03657651229838946,0,0,2.0,0,1,0.11155110984346066,3.0,False,4,0
516,1,2,1,0.3173777365839961,0,0,-0.43700743807979686,0,2,1.0,0,1,0.11155110984346066,1.0,False,6,1
517,0,3,0,0.5068946488072896,0,0,-0.1621689579829361,2,0,2.0,0,1,-1.0742541261389231,2.0,True,0,2
518,1,2,1,0.46351944252697197,1,0,-0.12491978668775715,0,2,2.0,1,0,2.6987625338050254,2.0,True,0,2
519,0,3,0,0.1712360306410203,0,0,-0.4894421904510968,0,0,1.0,0,1,-0.8586531741421263,0.0,True,0,2
520,1,1,1,0.025094324698044453,0,0,1.2341715984066093,0,1,1.0,0,1,-0.6430522221453292,3.0,False,2,1
521,0,3,0,-0.5594724990738589,0,0,-0.4894421904510968,0,0,1.0,0,1,-1.2898550781357203,0.0,True,0,2
522,0,3,0,0.2074185080362966,0,0,-0.5029485386158568,1,0,1.0,0,1,-0.9664536501405248,0.0,True,0,2
523,1,1,1,1.0480862662988752,0,1,0.5189714017894245,1,2,2.0,1,0,2.159760153813033,3.0,False,2,0
524,0,3,0,-0.34841372605725074,0,0,-0.5028639729296732,1,0,1.0,0,1,-1.0742541261389231,0.0,True,0,2
525,0,3,0,0.7923382808986676,0,0,-0.49237782784290063,2,0,2.0,0,1,-0.9664536501405248,0.0,True,0,2
526,1,2,1,1.4865113841278028,0,0,-0.43700743807979686,0,1,2.0,0,1,-0.7508526981437277,1.0,True,0,2
527,0,1,0,0.11983068557557892,0,0,3.817033162951754,0,0,1.0,0,1,-0.9664536501405248,3.0,False,3,1
528,0,3,0,0.6827320014414358,0,0,-0.4888542575852486,0,0,2.0,0,1,-0.21185031815173497,1.0,True,0,2
529,0,2,0,-0.486401646102371,2,1,-0.41687275089321363,0,0,1.0,3,0,0.0037506338450621194,1.0,True,0,2
530,1,2,1,-2.020889558503617,1,1,-0.12491978668775715,0,1,0.0,2,0,-0.3196507941501335,2.0,True,0,2
531,0,3,0,-0.34841372605725074,0,0,-0.5028639729296732,1,0,1.0,0,1,-1.0742541261389231,0.0,True,0,2
532,0,3,0,-0.9248267639312985,1,1,-0.5028639729296732,1,0,1.0,2,0,-0.7508526981437277,0.0,True,0,2
533,1,3,1,0.40506884938752913,0,2,-0.19824427701513722,1,2,2.0,2,0,1.1895558698274462,2.0,True,0,2
534,0,3,1,0.025094324698044453,0,0,-0.47400492578514347,0,1,1.0,0,1,-0.8586531741421263,1.0,True,0,2
535,1,2,1,-1.6555352936461778,0,2,-0.11988611489111134,0,1,0.0,2,0,-0.5352517461469306,2.0,True,0,2
536,0,1,0,1.121157119270363,0,0,-0.11384570873513637,0,4,2.0,0,1,0.6505534898354534,2.0,False,2,0
537,1,1,1,0.025094324698044453,0,0,1.4944124302931971,1,1,1.0,0,1,-0.8586531741421263,3.0,True,0,2
538,0,3,0,-0.30456838130123826,0,0,-0.35646868933346404,0,0,1.0,0,1,-0.3196507941501335,1.0,True,0,2
539,1,1,1,-0.5594724990738589,0,2,0.3482453621969482,1,1,1.0,2,0,0.7583539658338518,3.0,False,2,1
540,1,1,1,0.46351944252697197,0,2,0.7811411367084872,0,1,2.0,2,0,-0.427451270148532,3.0,False,2,0
541,0,3,1,-1.5093935877032019,4,2,-0.018709311778530763,0,1,0.0,6,0,0.9739549178306489,3.0,True,0,2
542,0,3,1,-1.3632518817602262,4,2,-0.018709311778530763,0,1,0.0,6,0,0.6505534898354534,3.0,True,0,2
543,1,2,0,0.1712360306410203,1,0,-0.12491978668775715,0,0,1.0,1,0,-1.0742541261389231,2.0,True,0,2
544,0,1,0,1.4865113841278028,1,0,1.4944124302931971,1,0,2.0,1,0,-0.10404984215333643,3.0,False,3,0
545,0,1,0,2.509503325728634,0,0,-0.12491978668775715,0,0,3.0,0,1,0.11155110984346066,2.0,True,0,2
546,1,2,1,-0.7786850579883227,1,0,-0.12491978668775715,0,2,1.0,1,0,0.6505534898354534,2.0,True,0,2
547,1,2,0,0.7853736816106104,0,0,-0.3693045524149108,1,0,2.0,0,1,-0.10404984215333643,1.0,True,0,2
548,0,3,0,0.24430688361250824,1,1,-0.2351571990343002,0,0,1.0,2,0,-0.21185031815173497,2.0,True,0,2
549,1,2,0,-1.58246444067469,1,1,0.09152810056801232,0,3,0.0,2,0,0.32715206184025775,3.0,True,0,2
550,1,1,0,-0.9248267639312985,0,2,1.5841789061771412,1,0,1.0,2,0,0.0037506338450621194,3.0,False,3,0
551,0,2,0,-0.1941182342164193,0,0,-0.12491978668775715,0,0,1.0,0,1,0.0037506338450621194,2.0,True,0,2
552,0,3,0,-0.17160112154796436,0,0,-0.49078316061772326,2,0,1.0,0,1,-0.7508526981437277,0.0,True,0,2
553,1,3,0,-0.5594724990738589,0,0,-0.5029485386158568,1,0,1.0,0,1,0.6505534898354534,0.0,True,0,2
554,1,3,1,-0.5594724990738589,0,0,-0.4918744606632361,0,1,1.0,0,1,-0.9664536501405248,0.0,True,0,2
555,0,1,0,2.3633616197856577,0,0,-0.11384570873513637,0,0,3.0,0,1,-0.9664536501405248,2.0,True,0,2
556,1,1,1,1.3403696781848269,1,0,0.1489119590497745,1,4,2.0,1,0,4.100168721784207,3.0,False,1,0
557,0,1,0,0.11983068557557892,0,0,3.9327230485884233,1,0,1.0,0,1,-0.8586531741421263,3.0,True,0,2
558,1,1,1,0.6827320014414358,1,1,0.955306180872432,0,2,2.0,2,0,1.1895558698274462,3.0,False,5,1
559,1,3,1,0.46351944252697197,1,0,-0.29807809649237277,0,2,2.0,1,0,1.8363587258178373,2.0,True,0,2
560,0,3,0,0.9211687442324055,0,0,-0.49237782784290063,2,0,2.0,0,1,-0.3196507941501335,0.0,True,0,2
561,0,3,0,0.7558028544129237,0,0,-0.4894421904510968,0,0,2.0,0,1,-1.0742541261389231,0.0,True,0,2
562,0,2,0,-0.12104738124493139,0,0,-0.3766033765200472,0,0,1.0,0,1,-0.10404984215333643,1.0,True,0,2
563,0,3,0,0.0805800027243082,0,0,-0.4863374216869257,0,0,1.0,0,1,-1.0742541261389231,1.0,True,0,2
564,0,3,1,-0.7613611632072852,0,0,-0.4863374216869257,0,1,1.0,0,1,0.32715206184025775,1.0,True,0,2
565,0,3,0,-0.4133307931308831,2,0,-0.1621689579829361,0,0,1.0,2,0,-0.7508526981437277,2.0,True,0,2
566,0,3,0,-0.7786850579883227,0,0,-0.4894421904510968,0,0,1.0,0,1,-0.7508526981437277,0.0,True,0,2
567,0,3,1,-0.04797652827344347,0,4,-0.22408312108167944,0,2,1.0,4,0,1.728558249819439,2.0,True,0,2
568,0,3,0,-0.34841372605725074,0,0,-0.5028639729296732,1,0,1.0,0,1,-0.8586531741421263,0.0,True,0,2
569,1,3,0,0.1712360306410203,0,0,-0.4902797934380587,0,0,1.0,0,1,-1.0742541261389231,0.0,True,0,2
570,1,2,0,2.3633616197856577,0,0,-0.43700743807979686,0,0,3.0,0,1,-0.9664536501405248,1.0,True,0,2
571,1,1,1,1.7057239430422666,2,0,0.38809593507663365,0,2,2.0,2,0,1.944159201816236,3.0,False,3,1
572,1,1,0,0.46351944252697197,0,0,-0.11711759540295616,0,0,2.0,0,1,0.5427530138370548,2.0,False,5,1
573,1,3,1,-0.2550892970945485,0,0,-0.49237782784290063,2,1,1.0,0,1,-1.0742541261389231,0.0,True,0,2
574,0,3,0,-0.9978976169027864,0,0,-0.4863374216869257,0,0,1.0,0,1,0.11155110984346066,1.0,True,0,2
575,0,3,0,-0.7786850579883227,0,0,-0.35646868933346404,0,0,1.0,0,1,-0.7508526981437277,1.0,True,0,2
576,1,2,1,0.3173777365839961,0,0,-0.3866707201133388,0,1,1.0,0,1,-0.7508526981437277,1.0,True,0,2
577,1,1,1,0.6827320014414358,1,0,0.4771073601910807,0,2,2.0,1,0,1.5129572978226418,3.0,False,5,0
578,0,3,1,-0.534461563949268,1,0,-0.3573083057891445,1,2,1.0,1,0,0.5427530138370548,1.0,True,0,2
579,1,3,0,0.1712360306410203,0,0,-0.4888542575852486,0,0,1.0,0,1,-0.8586531741421263,1.0,True,0,2
580,1,2,1,-0.34025994015939515,1,1,-0.044381037941424326,0,1,1.0,2,0,0.0037506338450621194,2.0,True,0,2
581,1,1,1,0.6827320014414358,1,1,1.5841789061771412,1,2,2.0,2,0,2.6987625338050254,3.0,False,3,0
582,0,2,0,1.7787947960137545,0,0,-0.12491978668775715,0,0,3.0,0,1,-0.10404984215333643,2.0,True,0,2
583,0,1,0,0.46351944252697197,0,0,0.15948266982273065,1,0,2.0,0,1,-0.8586531741421263,3.0,False,1,0
584,0,3,0,-0.2701505902945742,0,0,-0.47299819142581434,1,0,1.0,0,1,-0.8586531741421263,1.0,True,0,2
585,1,1,1,-0.8517559109598105,0,2,0.955306180872432,0,1,1.0,2,0,-0.8586531741421263,3.0,False,5,0
586,0,2,0,1.267298825213339,0,0,-0.3464013457401724,0,0,2.0,0,1,-0.427451270148532,2.0,True,0,2
587,1,1,0,2.217219913842682,1,1,0.9462455716384695,1,0,3.0,2,0,0.5427530138370548,3.0,False,2,1
588,0,3,0,-0.5594724990738589,0,0,-0.4863374216869257,0,0,1.0,0,1,-0.6430522221453292,1.0,True,0,2
589,0,3,0,0.0805800027243082,0,0,-0.4863374216869257,0,0,1.0,0,1,-0.8586531741421263,1.0,True,0,2
590,0,3,0,0.39044858955548406,0,0,-0.5049620073345151,0,0,2.0,0,1,-0.7508526981437277,0.0,True,0,2
591,1,1,1,1.6326530900707787,1,0,0.9274538680872313,1,2,2.0,1,0,2.159760153813033,3.0,False,4,0
592,0,3,0,1.267298825213339,0,0,-0.5024451714361923,0,0,2.0,0,1,-0.10404984215333643,0.0,True,0,2
593,0,3,1,-1.700470049401684,0,2,-0.49237782784290063,2,1,0.0,2,0,-0.9664536501405248,0.0,True,0,2
594,0,2,0,0.5365902954984599,1,0,-0.12491978668775715,0,0,2.0,1,0,-0.427451270148532,2.0,True,0,2
595,0,3,0,0.46351944252697197,1,1,-0.1621689579829361,0,0,2.0,2,0,0.0037506338450621194,2.0,True,0,2
596,1,2,1,0.4258148823936843,0,0,0.016023023618325295,0,1,2.0,0,1,-0.10404984215333643,3.0,True,0,2
597,0,3,0,1.413440531156315,0,0,-0.6484216535389205,0,0,2.0,0,1,-0.8586531741421263,0.0,True,0,2
598,0,3,0,0.2074185080362966,0,0,-0.5029485386158568,1,0,1.0,0,1,-1.0742541261389231,0.0,True,0,2
599,1,1,0,1.413440531156315,1,0,0.49782998024351216,1,4,2.0,1,0,1.8363587258178373,3.0,False,1,0
600,1,2,1,-0.4133307931308831,2,1,-0.10478509950117394,0,2,1.0,3,0,2.590962057806627,2.0,True,0,2
601,0,3,0,-0.12463663341656385,0,0,-0.4894421904510968,0,0,1.0,0,1,-0.7508526981437277,0.0,True,0,2
602,0,1,0,0.6347695113985008,0,0,0.2052890831722074,0,0,2.0,0,1,-0.21185031815173497,3.0,True,0,2
603,0,3,0,1.0480862662988752,0,0,-0.4863374216869257,0,0,2.0,0,1,-0.21185031815173497,1.0,True,0,2
604,1,1,0,0.39044858955548406,0,0,-0.11384570873513637,1,0,2.0,0,1,0.4349525378386563,2.0,True,0,2
605,0,3,0,0.46351944252697197,1,0,-0.3353272677875516,0,0,2.0,1,0,0.2193515858418592,2.0,True,0,2
606,0,3,0,0.025094324698044453,0,0,-0.4894421904510968,0,0,1.0,0,1,-1.0742541261389231,0.0,True,0,2
607,1,1,0,-0.1941182342164193,0,0,-0.03431369434813272,0,0,1.0,0,1,0.0037506338450621194,2.0,True,0,2
608,1,2,1,-0.5594724990738589,1,2,0.18876253192945994,1,2,1.0,3,0,2.806563009803424,3.0,True,0,2
609,1,1,1,0.7558028544129237,0,0,2.441497778832105,0,1,2.0,0,1,-0.21185031815173497,3.0,False,3,1
610,0,3,1,0.6827320014414358,1,5,-0.018709311778530763,0,2,2.0,6,0,3.2377649137970184,3.0,True,0,2
611,0,3,0,-0.13427832875884793,0,0,-0.5064721088735089,0,0,1.0,0,1,-0.6430522221453292,0.0,True,0,2
612,1,3,1,-0.4430104188205731,1,0,-0.3363340021468808,2,1,1.0,1,0,0.0037506338450621194,2.0,True,0,2
613,0,3,0,0.9211687442324055,0,0,-0.49237782784290063,2,0,2.0,0,1,-1.1820546021373217,0.0,True,0,2
614,0,3,0,0.39044858955548406,0,0,-0.4863374216869257,0,0,2.0,0,1,0.4349525378386563,1.0,True,0,2
615,1,2,1,-0.4133307931308831,1,2,0.6603330135889879,0,1,1.0,3,0,-0.8586531741421263,3.0,True,0,2
616,0,3,0,0.3173777365839961,1,1,-0.35848215805212236,0,0,1.0,2,0,-0.21185031815173497,1.0,True,0,2
617,0,3,1,-0.26718908718790724,1,0,-0.32425318983493084,0,2,1.0,1,0,2.159760153813033,2.0,True,0,2
618,1,2,1,-1.8747478525606416,2,1,0.13683114673782454,0,1,0.0,3,0,0.0037506338450621194,3.0,False,6,0
619,0,2,0,-0.26718908718790724,0,0,-0.43700743807979686,0,0,1.0,0,1,-0.8586531741421263,1.0,True,0,2
620,0,3,0,-0.1941182342164193,1,0,-0.3573908580066095,1,0,1.0,1,0,-0.8586531741421263,1.0,True,0,2
621,1,1,0,0.9019445603558995,1,0,0.40974072380221066,0,0,2.0,1,0,0.11155110984346066,3.0,False,4,1
622,1,3,0,-0.7056142050168347,1,1,-0.33146744825388363,1,0,1.0,2,0,-1.1820546021373217,2.0,True,0,2
623,0,3,0,-0.6325433520453468,0,0,-0.4902797934380587,0,0,1.0,0,1,0.0037506338450621194,0.0,True,0,2
624,0,3,0,-0.6325433520453468,0,0,-0.32425318983493084,0,0,1.0,0,1,0.0037506338450621194,2.0,True,0,2
625,0,1,0,2.29029076681417,0,0,0.0023475440811979503,0,0,3.0,0,1,-0.6430522221453292,3.0,False,4,0
626,0,2,0,1.9980073549282182,0,0,-0.3997582667846179,2,4,3.0,0,1,0.32715206184025775,1.0,True,0,2
627,1,1,1,-0.6325433520453468,0,0,0.921244330558889,0,1,1.0,0,1,0.2193515858418592,3.0,False,4,1
628,0,3,0,-0.26718908718790724,0,0,-0.4894421904510968,0,0,1.0,0,1,-0.21185031815173497,0.0,True,0,2
629,0,3,0,-0.3570153296663973,0,0,-0.49271407711891657,2,0,1.0,0,1,-0.3196507941501335,0.0,True,0,2
630,1,1,0,3.6786369732724404,0,0,-0.044381037941424326,0,0,3.0,0,1,0.9739549178306489,2.0,False,1,1
631,0,3,0,1.5595822370992907,0,0,-0.5063875431873253,0,0,2.0,0,1,0.0037506338450621194,0.0,True,0,2
632,1,1,0,0.1712360306410203,0,0,-0.03431369434813272,1,4,1.0,0,1,-0.21185031815173497,2.0,False,2,0
633,0,1,0,0.3640106339607978,0,0,-0.6484216535389205,0,0,2.0,0,1,0.2193515858418592,0.0,True,0,2
634,0,3,1,-1.5093935877032019,3,2,-0.08666388103324908,0,1,0.0,5,0,-0.9664536501405248,2.0,True,0,2
635,1,2,1,-0.12104738124493139,0,0,-0.3866707201133388,0,1,1.0,0,1,-1.0742541261389231,1.0,True,0,2
636,0,3,0,0.1712360306410203,0,0,-0.4888542575852486,0,0,1.0,0,1,-0.10404984215333643,1.0,True,0,2
637,0,2,0,0.09816517766953237,1,1,-0.11988611489111134,0,0,1.0,2,0,-0.8586531741421263,2.0,True,0,2
638,0,3,1,0.8288737073844116,0,5,0.1506737441786005,0,2,2.0,5,0,1.1895558698274462,3.0,True,0,2
639,0,3,0,-0.17680339969193976,1,0,-0.32425318983493084,0,0,1.0,1,0,-0.10404984215333643,2.0,True,0,2
640,0,3,0,-0.7056142050168347,0,0,-0.4902797934380587,0,0,1.0,0,1,-0.5352517461469306,0.0,True,0,2
641,1,1,1,-0.4133307931308831,0,0,0.7469121684912956,1,4,1.0,0,1,-0.7508526981437277,3.0,False,2,1
642,0,3,1,-2.020889558503617,3,2,-0.08666388103324908,0,1,0.0,5,0,0.2193515858418592,2.0,True,0,2
643,1,3,0,0.002843691129090541,0,0,0.48910360681684706,0,0,1.0,0,1,-1.2898550781357203,3.0,True,0,2
644,1,3,1,-2.1122281247179773,2,1,-0.26066180729354516,1,1,0.0,3,0,-0.5352517461469306,2.0,True,0,2
645,1,1,0,1.3403696781848269,1,0,0.8964967865378598,1,0,2.0,1,0,-0.21185031815173497,3.0,False,4,1
646,0,3,0,-0.7786850579883227,0,0,-0.4894421904510968,0,0,1.0,0,1,-1.0742541261389231,0.0,True,0,2
647,1,1,0,1.9249365019567304,0,0,0.06635974158478332,1,4,3.0,0,1,0.8661544418322504,3.0,False,1,0
648,0,3,0,0.43393305415881717,0,0,-0.49640476528021726,0,0,2.0,0,1,-0.9664536501405248,0.0,True,0,2
649,1,3,1,-0.486401646102371,0,0,-0.49640476528021726,0,1,1.0,0,1,0.4349525378386563,0.0,True,0,2
650,0,3,0,-0.12463663341656385,0,0,-0.4894421904510968,0,0,1.0,0,1,-1.0742541261389231,0.0,True,0,2
651,1,2,1,-0.8517559109598105,0,1,-0.18532384824750675,0,1,1.0,1,0,-0.8586531741421263,2.0,True,0,2
652,0,3,0,-0.6325433520453468,0,0,-0.47861979608830835,0,0,1.0,0,1,0.32715206184025775,1.0,True,0,2
653,1,3,1,-0.46727900124369626,0,0,-0.49078316061772326,2,1,1.0,0,1,0.2193515858418592,0.0,True,0,2
654,0,3,1,-0.8517559109598105,0,0,-0.5125125150294839,2,1,1.0,0,1,0.11155110984346066,0.0,True,0,2
655,0,2,0,-0.4133307931308831,2,0,0.8314778546749452,0,0,1.0,2,0,-0.21185031815173497,3.0,True,0,2
656,0,3,0,-0.12463663341656385,0,0,-0.4894421904510968,0,0,1.0,0,1,-0.6430522221453292,0.0,True,0,2
657,0,3,1,0.1712360306410203,1,1,-0.3363340021468808,2,2,1.0,2,0,0.2193515858418592,2.0,True,0,2
658,0,2,0,-0.486401646102371,0,0,-0.3866707201133388,0,0,1.0,0,1,0.11155110984346066,1.0,True,0,2
659,0,1,0,2.0710782078997063,0,2,1.6323350375212924,1,0,3.0,2,0,-0.10404984215333643,3.0,False,4,0
660,1,1,0,1.4865113841278028,2,0,2.042579288947925,0,4,2.0,2,0,0.2193515858418592,3.0,True,0,2
661,0,3,0,0.7558028544129237,0,0,-0.5029485386158568,1,0,2.0,0,1,-1.0742541261389231,0.0,True,0,2
662,0,1,0,1.267298825213339,0,0,-0.13322534515222276,0,0,2.0,0,1,-0.10404984215333643,2.0,False,5,0
663,0,3,0,0.46351944252697197,0,0,-0.4974960653257301,0,0,2.0,0,1,-1.1820546021373217,0.0,True,0,2
664,1,3,0,-0.7056142050168347,1,0,-0.4888542575852486,0,0,1.0,1,0,0.0037506338450621194,1.0,True,0,2
665,0,2,0,0.1712360306410203,2,0,0.8314778546749452,0,0,1.0,2,0,-0.9664536501405248,3.0,True,0,2
666,0,2,0,-0.34025994015939515,0,0,-0.3866707201133388,0,0,1.0,0,1,0.0037506338450621194,1.0,True,0,2
667,0,3,0,0.012542740982157137,0,0,-0.4918744606632361,0,0,1.0,0,1,-0.10404984215333643,0.0,True,0,2
668,0,3,0,0.9750154133273875,0,0,-0.4863374216869257,0,0,2.0,0,1,-1.2898550781357203,1.0,True,0,2
669,1,1,1,0.4971527383021975,1,0,0.39858208016340624,0,2,2.0,1,0,2.37536110580983,3.0,False,3,0
670,1,2,1,0.7558028544129237,1,1,0.13683114673782454,0,2,2.0,2,0,3.6689668177906123,3.0,True,0,2
671,0,1,0,0.09816517766953237,1,0,0.39858208016340624,0,0,1.0,1,0,-0.5352517461469306,3.0,False,2,1
672,0,2,0,2.947928443557561,0,0,-0.43700743807979686,0,0,3.0,0,1,0.0037506338450621194,1.0,True,0,2
673,1,2,0,0.09816517766953237,0,0,-0.3866707201133388,0,0,1.0,0,1,-0.6430522221453292,1.0,True,0,2
674,0,2,0,0.3640106339607978,0,0,-0.6484216535389205,0,0,2.0,0,1,-0.10404984215333643,0.0,True,0,2
675,0,3,0,-0.8517559109598105,0,0,-0.4918744606632361,0,0,1.0,0,1,0.32715206184025775,0.0,True,0,2
676,0,3,0,-0.37679536664513913,0,0,-0.4863374216869257,0,0,1.0,0,1,0.2193515858418592,1.0,True,0,2
677,1,3,1,-0.8517559109598105,0,0,-0.45026210265472455,0,1,1.0,0,1,-0.427451270148532,1.0,True,0,2
678,0,3,1,0.9750154133273875,1,6,0.2958951755118318,0,2,2.0,7,0,1.2973563458258446,3.0,True,0,2
679,1,1,0,0.46351944252697197,0,1,9.667166525013505,1,0,2.0,1,0,0.7583539658338518,3.0,False,2,1
680,0,3,1,-0.7862602432751911,0,0,-0.48457563655809965,2,1,1.0,0,1,-0.8586531741421263,1.0,True,0,2
681,1,1,0,-0.1941182342164193,0,0,0.8964967865378598,1,0,1.0,0,1,-0.9664536501405248,3.0,False,4,1
682,0,3,0,-0.7056142050168347,0,0,-0.4626791642426904,0,0,1.0,0,1,0.0037506338450621194,1.0,True,0,2
683,0,3,0,-1.1440393228457624,5,2,0.2958951755118318,0,0,0.0,7,0,0.0037506338450621194,3.0,True,0,2
684,0,2,0,2.217219913842682,1,1,0.13683114673782454,0,0,3.0,2,0,0.6505534898354534,3.0,True,0,2
685,0,2,0,-0.34025994015939515,1,2,0.18876253192945994,1,0,1.0,3,0,1.1895558698274462,3.0,True,0,2
686,0,3,0,-1.1440393228457624,4,1,0.1506737441786005,0,0,0.0,5,0,-0.3196507941501335,3.0,True,0,2
687,0,3,0,-0.7786850579883227,0,0,-0.44363577710162005,0,0,1.0,0,1,-1.0742541261389231,1.0,True,0,2
688,0,3,0,-0.8517559109598105,0,0,-0.49145565916975514,0,0,1.0,0,1,0.4349525378386563,0.0,True,0,2
689,1,1,1,-1.0709684698742745,0,1,3.6067927997556075,0,1,1.0,1,0,0.6505534898354534,3.0,False,2,1
690,1,1,0,0.09816517766953237,1,0,0.49925551609632224,0,0,1.0,1,0,-0.427451270148532,3.0,False,2,0
691,1,3,1,-1.8747478525606416,0,1,-0.37828059596268965,1,1,0.0,1,0,-0.9664536501405248,1.0,True,0,2
692,1,3,0,0.002843691129090541,0,0,0.48910360681684706,0,0,1.0,0,1,-1.6132565061309159,3.0,True,0,2
693,0,3,0,-0.34025994015939515,0,0,-0.5029485386158568,1,0,1.0,0,1,-1.1820546021373217,0.0,True,0,2
694,0,1,0,2.217219913842682,0,0,-0.11384570873513637,0,4,3.0,0,1,-1.2898550781357203,2.0,True,0,2
695,0,2,0,1.6326530900707787,0,0,-0.3766033765200472,0,0,2.0,0,1,-0.10404984215333643,1.0,True,0,2
696,0,3,0,1.0480862662988752,0,0,-0.4863374216869257,0,0,2.0,0,1,-1.1820546021373217,1.0,True,0,2
697,1,3,1,-0.7238627053256254,0,0,-0.49271407711891657,2,1,1.0,0,1,0.5427530138370548,0.0,True,0,2
698,0,1,0,1.413440531156315,1,1,1.5841789061771412,1,0,2.0,2,0,-0.3196507941501335,3.0,False,3,0
699,0,3,0,0.9019445603558995,0,0,-0.494391296561559,0,0,2.0,0,1,1.4051568218242432,0.0,False,6,1
700,1,1,1,-0.8517559109598105,1,0,3.9327230485884233,1,2,1.0,1,0,2.37536110580983,3.0,False,3,0
701,1,1,0,0.39044858955548406,0,0,-0.11913106412161445,0,0,2.0,0,1,0.5427530138370548,2.0,False,5,0
702,0,3,1,-0.8517559109598105,0,1,-0.3573908580066095,1,1,1.0,1,0,-0.6430522221453292,1.0,True,0,2
703,0,3,0,-0.34025994015939515,0,0,-0.4925449457465493,2,0,1.0,0,1,-0.6430522221453292,0.0,True,0,2
704,0,3,0,-0.26718908718790724,1,0,-0.4902797934380587,0,0,1.0,1,0,-0.427451270148532,0.0,True,0,2
705,0,2,0,0.6827320014414358,0,0,-0.12491978668775715,0,0,2.0,0,1,2.0519596778146343,2.0,True,0,2
706,1,2,1,1.121157119270363,0,0,-0.3766033765200472,0,2,2.0,0,1,0.2193515858418592,1.0,True,0,2
707,1,1,0,0.9019445603558995,0,0,-0.11913106412161445,0,0,2.0,0,1,0.6505534898354534,2.0,False,5,0
708,1,1,1,-0.5594724990738589,0,0,2.4029901895877646,0,1,1.0,0,1,-0.7508526981437277,3.0,True,0,2
709,1,3,0,-1.7665091689274062,1,1,-0.3414522396297103,1,3,0.0,2,0,2.37536110580983,2.0,True,0,2
710,1,1,1,-0.4133307931308831,0,0,0.3483299278831318,1,4,1.0,0,1,2.2675606298114315,3.0,False,3,0
711,0,1,0,1.3901111061581293,0,0,-0.11384570873513637,0,0,2.0,0,1,-0.9664536501405248,2.0,False,3,0
712,1,1,0,1.3403696781848269,1,0,0.39858208016340624,0,0,2.0,1,0,-0.3196507941501335,3.0,False,3,0
713,0,3,0,-0.04797652827344347,0,0,-0.457478374542396,0,0,1.0,0,1,-0.10404984215333643,1.0,True,0,2
714,0,2,0,1.6326530900707787,0,0,-0.3866707201133388,0,0,2.0,0,1,-0.6430522221453292,1.0,True,0,2
715,0,3,0,-0.7786850579883227,0,0,-0.494391296561559,0,0,1.0,0,1,1.6207577738210404,0.0,False,6,1
716,1,1,1,0.6096611484699479,0,0,3.9327230485884233,1,1,2.0,0,1,0.2193515858418592,3.0,False,3,1
717,1,2,1,-0.1941182342164193,0,0,-0.43700743807979686,0,1,1.0,0,1,0.8661544418322504,1.0,False,5,1
718,0,3,0,0.08170702564215566,0,0,-0.3363340021468808,2,0,1.0,0,1,-0.8586531741421263,2.0,True,0,2
719,0,3,0,0.24430688361250824,0,0,-0.4918744606632361,0,0,1.0,0,1,0.11155110984346066,0.0,True,0,2
720,1,2,1,-1.7286061466176657,0,1,0.016023023618325295,0,1,0.0,1,0,0.6505534898354534,3.0,True,0,2
721,0,3,0,-0.9248267639312985,1,0,-0.5063875431873253,0,0,1.0,1,0,-0.21185031815173497,0.0,True,0,2
722,0,2,0,0.3173777365839961,0,0,-0.3866707201133388,0,0,1.0,0,1,0.11155110984346066,1.0,True,0,2
723,0,2,0,1.4865113841278028,0,0,-0.3866707201133388,0,0,2.0,0,1,-0.427451270148532,1.0,True,0,2
724,1,1,0,-0.1941182342164193,1,0,0.4207302360686478,0,0,1.0,1,0,0.2193515858418592,3.0,False,5,0
725,0,3,0,-0.7056142050168347,0,0,-0.47400492578514347,0,0,1.0,0,1,-0.8586531741421263,1.0,True,0,2
726,1,2,1,0.025094324698044453,3,0,-0.22559322262067316,0,2,1.0,3,0,1.728558249819439,2.0,True,0,2
727,1,3,1,-0.7238627053256254,0,0,-0.4926295114327329,2,1,1.0,0,1,-0.3196507941501335,0.0,True,0,2
728,0,2,0,-0.34025994015939515,1,0,-0.12491978668775715,0,0,1.0,1,0,0.4349525378386563,2.0,True,0,2
729,0,3,1,-0.34025994015939515,1,0,-0.4888542575852486,0,1,1.0,1,0,0.2193515858418592,1.0,True,0,2
730,1,1,1,-0.04797652827344347,0,0,3.6067927997556075,0,1,1.0,0,1,0.2193515858418592,3.0,False,2,1
731,0,3,0,-1.3632518817602262,0,0,-0.2701412180209885,1,0,0.0,0,1,-0.3196507941501335,2.0,True,0,2
732,0,2,0,0.3640106339607978,0,0,-0.6484216535389205,0,0,2.0,0,1,-0.7508526981437277,0.0,True,0,2
733,0,2,0,-0.486401646102371,0,0,-0.3866707201133388,0,0,1.0,0,1,-0.10404984215333643,1.0,True,0,2
734,0,2,0,-0.486401646102371,0,0,-0.3866707201133388,0,0,1.0,0,1,0.11155110984346066,1.0,True,0,2
735,0,3,0,-0.08451195475918744,0,0,-0.32425318983493084,0,0,1.0,0,1,-0.7508526981437277,2.0,True,0,2
736,0,3,1,1.3403696781848269,1,3,0.0437082184998772,0,2,2.0,4,0,1.2973563458258446,3.0,True,0,2
737,1,1,0,0.39044858955548406,0,0,9.667166525013505,1,0,2.0,0,1,-0.5352517461469306,3.0,False,2,1
738,0,3,0,-0.12463663341656385,0,0,-0.4894421904510968,0,0,1.0,0,1,-0.9664536501405248,0.0,True,0,2
739,0,3,0,-0.12463663341656385,0,0,-0.4894421904510968,0,0,1.0,0,1,-0.9664536501405248,0.0,True,0,2
740,1,1,0,1.1275407281685295,0,0,-0.044381037941424326,0,0,2.0,0,1,0.0037506338450621194,2.0,False,4,1
741,0,1,0,0.46351944252697197,1,0,0.9391984311231651,0,0,2.0,1,0,0.2193515858418592,3.0,False,3,0
742,1,1,1,-0.6325433520453468,2,2,4.634416897040849,1,1,1.0,4,0,1.0817553938290476,3.0,False,2,1
743,0,3,0,-0.4133307931308831,1,0,-0.32425318983493084,0,0,1.0,1,0,-1.0742541261389231,2.0,True,0,2
744,1,3,0,0.09816517766953237,0,0,-0.4888542575852486,0,0,1.0,0,1,-0.9664536501405248,1.0,True,0,2
745,0,1,0,2.947928443557561,1,1,0.7811411367084872,0,4,3.0,2,0,0.11155110984346066,3.0,False,2,0
746,0,3,0,-0.9978976169027864,1,1,-0.24069423801061057,0,0,1.0,2,0,0.0037506338450621194,2.0,True,0,2
747,1,2,1,0.025094324698044453,0,0,-0.3866707201133388,0,1,1.0,0,1,-0.6430522221453292,1.0,True,0,2
748,0,1,0,-0.7786850579883227,1,0,0.4207302360686478,0,0,1.0,1,0,-0.21185031815173497,3.0,False,4,0
749,0,3,0,0.09816517766953237,0,0,-0.49237782784290063,2,0,1.0,0,1,-0.427451270148532,0.0,True,0,2
750,1,2,1,-1.8747478525606416,1,1,-0.18532384824750675,0,1,0.0,2,0,-1.0742541261389231,2.0,True,0,2
751,1,3,0,-1.7286061466176657,0,1,-0.397241430886295,0,3,0.0,1,0,-0.8586531741421263,1.0,False,5,1
752,0,3,0,0.24430688361250824,0,0,-0.45714212526638004,0,0,1.0,0,1,0.5427530138370548,1.0,True,0,2
753,0,3,0,-0.486401646102371,0,0,-0.4894421904510968,0,0,1.0,0,1,-0.9664536501405248,0.0,True,0,2
754,1,2,1,1.3403696781848269,1,2,0.6603330135889879,0,2,2.0,3,0,0.5427530138370548,3.0,True,0,2
755,1,2,0,-2.118073792955696,1,1,-0.35646868933346404,0,3,0.0,2,0,-0.21185031815173497,1.0,True,0,2
756,0,3,0,-0.12104738124493139,0,0,-0.49145565916975514,0,0,1.0,0,1,0.11155110984346066,0.0,True,0,2
757,0,2,0,-0.8517559109598105,0,0,-0.41687275089321363,0,0,1.0,0,1,-0.3196507941501335,1.0,True,0,2
758,0,3,0,0.3173777365839961,0,0,-0.4863374216869257,0,0,1.0,0,1,0.11155110984346066,1.0,True,0,2
759,1,1,1,0.24430688361250824,0,0,1.093228788100527,0,4,1.0,0,1,3.1299644377986198,3.0,False,2,1
760,0,3,0,-0.30456838130123826,0,0,-0.35646868933346404,0,0,1.0,0,1,-0.9664536501405248,1.0,True,0,2
761,0,3,0,0.8288737073844116,0,0,-0.5049620073345151,0,0,2.0,0,1,0.32715206184025775,0.0,True,0,2
762,1,3,0,-0.7056142050168347,0,0,-0.5028639729296732,1,0,1.0,0,1,-0.6430522221453292,0.0,True,0,2
763,1,1,1,0.46351944252697197,1,2,1.7677408088510642,0,2,2.0,3,0,1.5129572978226418,3.0,False,2,0
764,0,3,0,-0.9978976169027864,0,0,-0.4918744606632361,0,0,1.0,0,1,-0.5352517461469306,0.0,True,0,2
765,1,1,1,1.5595822370992907,1,0,0.921244330558889,0,2,2.0,1,0,0.9739549178306489,3.0,False,4,1
766,0,1,0,0.5395818162191126,0,0,0.1489119590497745,1,4,2.0,0,1,-0.21185031815173497,3.0,True,0,2
767,0,3,1,0.06162975118378842,0,0,-0.49237782784290063,2,1,1.0,0,1,-0.9664536501405248,0.0,True,0,2
768,0,3,0,0.23632752537975227,1,0,-0.1621689579829361,2,0,1.0,1,0,-0.8586531741421263,2.0,True,0,2
769,0,3,0,0.1712360306410203,0,0,-0.4800453319411184,0,0,1.0,0,1,0.5427530138370548,1.0,True,0,2
770,0,3,0,-0.4133307931308831,0,0,-0.45714212526638004,0,0,1.0,0,1,-0.5352517461469306,1.0,True,0,2
771,0,3,0,1.3403696781848269,0,0,-0.4902797934380587,0,0,2.0,0,1,-0.427451270148532,0.0,True,0,2
772,0,2,1,1.9980073549282182,0,0,-0.43700743807979686,0,2,3.0,0,1,-1.0742541261389231,1.0,False,5,1
773,0,3,0,0.2074185080362966,0,0,-0.5029485386158568,1,0,1.0,0,1,-1.2898550781357203,0.0,True,0,2
774,1,2,1,1.7787947960137545,1,3,-0.18532384824750675,0,2,3.0,4,0,1.0817553938290476,2.0,True,0,2
775,0,3,0,-0.8517559109598105,0,0,-0.49237782784290063,0,0,1.0,0,1,1.2973563458258446,0.0,True,0,2
776,0,3,0,0.9211687442324055,0,0,-0.49237782784290063,2,0,2.0,0,1,-1.1820546021373217,0.0,False,6,0
777,1,3,1,-1.8016769995891537,0,0,-0.397241430886295,0,1,0.0,0,1,0.2193515858418592,1.0,True,0,2
778,0,3,0,-0.3570153296663973,0,0,-0.4926295114327329,2,0,1.0,0,1,-0.427451270148532,0.0,True,0,2
779,1,1,1,0.9750154133273875,0,1,3.6067927997556075,0,2,2.0,1,0,2.806563009803424,3.0,False,2,1
780,1,3,1,-1.2171101758172502,0,0,-0.5028639729296732,1,1,0.0,0,1,-0.7508526981437277,0.0,True,0,2
781,1,1,1,-0.9248267639312985,1,0,0.49925551609632224,0,2,1.0,1,0,1.5129572978226418,3.0,False,2,0
782,0,1,0,-0.04797652827344347,0,0,-0.044381037941424326,0,0,1.0,0,1,-0.5352517461469306,2.0,False,4,0
783,0,3,0,0.17093400444873824,1,2,-0.17626323901354432,0,0,1.0,3,0,-0.5352517461469306,2.0,True,0,2
784,0,3,0,-0.34025994015939515,0,0,-0.5064721088735089,0,0,1.0,0,1,-1.1820546021373217,0.0,True,0,2
785,0,3,0,-0.34025994015939515,0,0,-0.5024451714361923,0,0,1.0,0,1,0.7583539658338518,0.0,True,0,2
786,1,3,1,-0.8517559109598105,0,0,-0.4974960653257301,0,1,1.0,0,1,-0.21185031815173497,0.0,True,0,2
787,0,3,0,-1.58246444067469,4,1,-0.061998889229684634,2,3,0.0,5,0,-0.21185031815173497,2.0,True,0,2
788,1,3,0,-2.093960411475105,1,2,-0.23415046467497105,0,3,0.0,3,0,-0.10404984215333643,2.0,True,0,2
789,0,1,0,1.1942279722418512,0,0,0.9462455716384695,1,0,2.0,0,1,-0.3196507941501335,3.0,False,2,0
790,0,3,0,0.9211687442324055,0,0,-0.49237782784290063,2,0,2.0,0,1,-0.3196507941501335,0.0,True,0,2
791,0,2,0,-0.9978976169027864,0,0,-0.12491978668775715,0,0,1.0,0,1,-0.8586531741421263,2.0,True,0,2
792,0,3,1,-1.0217556273507902,8,2,0.7519458402879414,0,1,1.0,10,0,-0.427451270148532,3.0,True,0,2
793,0,1,0,1.4944298288948148,0,0,-0.030371322596999758,1,0,2.0,0,1,-0.3196507941501335,2.0,True,0,2
794,0,3,0,-0.34025994015939515,0,0,-0.4894421904510968,0,0,1.0,0,1,-0.6430522221453292,0.0,True,0,2
795,0,2,0,0.6827320014414358,0,0,-0.3866707201133388,0,0,2.0,0,1,-0.9664536501405248,1.0,True,0,2
796,1,1,1,1.413440531156315,0,0,-0.1263453225405672,0,4,2.0,0,1,0.0037506338450621194,2.0,False,4,1
797,1,3,1,0.09816517766953237,0,0,-0.4735861242916626,0,2,1.0,0,1,-1.1820546021373217,1.0,True,0,2
798,0,3,0,0.025094324698044453,0,0,-0.5028639729296732,1,0,1.0,0,1,0.11155110984346066,0.0,True,0,2
799,0,3,1,0.025094324698044453,1,1,-0.1621689579829361,0,2,1.0,2,0,2.6987625338050254,2.0,True,0,2
800,0,2,0,0.3173777365839961,0,0,-0.3866707201133388,0,0,1.0,0,1,-0.7508526981437277,1.0,True,0,2
801,1,2,1,0.09816517766953237,1,1,-0.11988611489111134,0,2,1.0,2,0,1.728558249819439,2.0,True,0,2
802,1,1,0,-1.3632518817602262,1,2,1.7677408088510642,0,3,0.0,3,0,0.8661544418322504,3.0,False,2,0
803,1,3,0,-2.1363415061985678,0,1,-0.47694056317694733,1,3,0.0,1,0,0.4349525378386563,1.0,True,0,2
804,1,3,0,-0.1941182342164193,0,0,-0.5079822104125026,0,0,1.0,0,1,-0.427451270148532,0.0,True,0,2
805,0,3,0,0.09816517766953237,0,0,-0.4918744606632361,0,0,1.0,0,1,-0.21185031815173497,0.0,True,0,2
806,0,1,0,0.6827320014414358,0,0,-0.6484216535389205,0,0,2.0,0,1,-0.5352517461469306,0.0,False,1,0
807,0,3,1,-0.8517559109598105,0,0,-0.4918744606632361,0,1,1.0,0,1,0.4349525378386563,0.0,True,0,2
808,0,2,0,0.6827320014414358,0,0,-0.3866707201133388,0,0,2.0,0,1,-1.0742541261389231,1.0,True,0,2
809,1,1,1,0.24430688361250824,1,0,0.4207302360686478,0,2,1.0,1,0,2.0519596778146343,3.0,False,5,0
810,0,3,0,-0.26718908718790724,0,0,-0.4896093083547455,0,0,1.0,0,1,-0.5352517461469306,0.0,True,0,2
811,0,3,0,0.6827320014414358,0,0,-0.1621689579829361,0,0,2.0,0,1,-1.0742541261389231,2.0,True,0,2
812,0,2,0,0.39044858955548406,0,0,-0.43700743807979686,0,0,2.0,0,1,-0.21185031815173497,1.0,True,0,2
813,0,3,1,-1.7286061466176657,4,2,-0.018709311778530763,0,1,0.0,6,0,0.7583539658338518,3.0,True,0,2
814,0,3,0,0.06162975118378842,0,0,-0.4863374216869257,0,0,1.0,0,1,-0.10404984215333643,1.0,True,0,2
815,0,1,0,0.3640106339607978,0,0,-0.6484216535389205,0,0,2.0,0,1,-1.1820546021373217,0.0,False,2,0
816,0,3,1,-0.486401646102371,0,0,-0.4888542575852486,0,1,1.0,0,1,0.11155110984346066,1.0,True,0,2
817,0,2,0,0.09816517766953237,1,1,0.09664633805084172,1,0,1.0,2,0,-0.9664536501405248,3.0,True,0,2
818,0,3,0,0.9750154133273875,0,0,-0.5185529211854588,0,0,2.0,0,1,0.5427530138370548,0.0,True,0,2
819,0,3,0,-1.436322734731714,3,2,-0.08666388103324908,0,3,0.0,5,0,0.11155110984346066,2.0,True,0,2
820,1,1,1,1.6326530900707787,1,1,1.2341715984066093,0,2,2.0,2,0,2.483161581808228,3.0,False,2,1
821,1,3,0,-0.1941182342164193,0,0,-0.47400492578514347,0,0,1.0,0,1,-1.0742541261389231,1.0,True,0,2
822,0,1,0,0.6096611484699479,0,0,-0.6484216535389205,0,4,2.0,0,1,0.4349525378386563,0.0,True,0,2
823,1,3,1,-0.1941182342164193,0,1,-0.397241430886295,0,2,1.0,1,0,-0.9664536501405248,1.0,False,5,1
824,0,3,0,-2.020889558503617,4,1,0.1506737441786005,0,3,0.0,5,0,0.11155110984346066,3.0,True,0,2
825,0,3,0,0.40087437276090454,0,0,-0.5084855775921673,2,0,2.0,0,1,-1.2898550781357203,0.0,True,0,2
826,0,3,0,0.002843691129090541,0,0,0.48910360681684706,0,0,1.0,0,1,-1.6132565061309159,3.0,True,0,2
827,1,2,0,-2.093960411475105,0,2,0.09664633805084172,1,3,0.0,2,0,-0.6430522221453292,3.0,True,0,2
828,1,3,0,0.9211687442324055,0,0,-0.49237782784290063,2,0,2.0,0,1,0.11155110984346066,0.0,True,0,2
829,1,1,1,2.3633616197856577,0,0,0.962353321387736,0,2,3.0,0,1,1.5129572978226418,3.0,False,2,0
830,1,3,1,-1.0709684698742745,1,0,-0.3573908580066095,1,2,1.0,1,0,1.2973563458258446,1.0,True,0,2
831,1,2,0,-2.106382456480258,1,1,-0.2708962687904854,0,3,0.0,2,0,0.4349525378386563,2.0,True,0,2
832,0,3,0,-0.34841372605725074,0,0,-0.5028639729296732,1,0,1.0,0,1,-1.397655554134119,0.0,True,0,2
833,0,3,0,-0.486401646102371,0,0,-0.4902797934380587,0,0,1.0,0,1,-0.5352517461469306,0.0,True,0,2
834,0,3,0,-0.8517559109598105,0,0,-0.48130374989027985,0,0,1.0,0,1,-0.5352517461469306,1.0,True,0,2
835,1,1,1,0.6827320014414358,1,1,1.0259447039291216,1,1,2.0,2,0,0.0037506338450621194,3.0,False,5,1
836,0,3,0,-0.6325433520453468,0,0,-0.47400492578514347,0,0,1.0,0,1,-1.1820546021373217,1.0,True,0,2
837,0,3,0,0.0805800027243082,0,0,-0.4863374216869257,0,0,1.0,0,1,-0.8586531741421263,1.0,True,0,2
838,1,3,0,0.1712360306410203,0,0,0.48910360681684706,0,0,1.0,0,1,-1.2898550781357203,3.0,True,0,2
839,1,1,0,1.6740406420123404,0,0,-0.0504214440973993,1,0,2.0,0,1,-0.7508526981437277,2.0,False,3,1
840,0,3,0,-0.7056142050168347,0,0,-0.4888542575852486,0,0,1.0,0,1,0.0037506338450621194,1.0,True,0,2
841,0,2,0,-0.9978976169027864,0,0,-0.43700743807979686,0,0,1.0,0,1,-0.3196507941501335,1.0,True,0,2
842,1,1,1,0.025094324698044453,0,0,-0.024246350754841117,1,1,1.0,0,1,-0.427451270148532,2.0,True,0,2
843,0,3,0,0.3539131630697401,0,0,-0.5188046047752911,1,0,2.0,0,1,-0.10404984215333643,0.0,True,0,2
844,0,3,0,-0.9248267639312985,0,0,-0.47400492578514347,0,0,1.0,0,1,-0.8586531741421263,1.0,True,0,2
845,0,3,0,0.9019445603558995,0,0,-0.49640476528021726,0,0,2.0,0,1,-0.8586531741421263,0.0,True,0,2
846,0,3,0,-1.0145261073439982,8,2,0.7519458402879414,0,0,1.0,10,0,-0.3196507941501335,3.0,True,0,2
847,0,3,0,0.39044858955548406,0,0,-0.4894421904510968,1,0,2.0,0,1,-0.9664536501405248,0.0,True,0,2
848,0,2,0,-0.12104738124493139,0,1,0.016023023618325295,0,4,1.0,1,0,-1.0742541261389231,3.0,True,0,2
849,1,1,1,0.29085301695534604,1,0,1.145663540471827,1,2,1.0,1,0,1.8363587258178373,3.0,False,3,0
850,0,3,0,-1.8747478525606416,4,2,-0.018709311778530763,0,3,0.0,6,0,1.2973563458258446,3.0,True,0,2
851,0,3,0,3.240211855443513,0,0,-0.4918744606632361,0,0,3.0,0,1,-0.8586531741421263,0.0,True,0,2
852,0,3,1,-1.5093935877032019,1,1,-0.3414522396297103,1,1,0.0,2,0,-0.427451270148532,2.0,True,0,2
853,1,1,1,-0.9978976169027864,0,1,0.14488502161245778,0,1,1.0,1,0,-0.21185031815173497,3.0,False,4,0
854,0,2,1,1.0480862662988752,1,0,-0.12491978668775715,0,2,2.0,1,0,1.944159201816236,2.0,True,0,2
855,1,3,1,-0.8517559109598105,0,1,-0.4601623283443675,0,2,1.0,1,0,-0.10404984215333643,1.0,True,0,2
856,1,1,1,1.121157119270363,1,1,2.671117778445337,0,2,2.0,2,0,1.6207577738210404,3.0,True,0,2
857,1,1,0,1.5595822370992907,0,0,-0.11384570873513637,0,0,2.0,0,1,-0.5352517461469306,2.0,False,5,1
858,1,3,1,-0.4133307931308831,0,3,-0.26066180729354516,1,2,1.0,3,0,1.0817553938290476,2.0,True,0,2
859,0,3,0,-0.34841372605725074,0,0,-0.5028639729296732,1,0,1.0,0,1,-1.1820546021373217,0.0,True,0,2
860,0,3,0,0.8288737073844116,2,0,-0.36435544630444866,0,0,2.0,2,0,-0.427451270148532,1.0,True,0,2
861,0,2,0,-0.6325433520453468,1,0,-0.41687275089321363,0,0,1.0,1,0,0.0037506338450621194,1.0,True,0,2
862,1,1,1,1.3403696781848269,0,0,-0.1263453225405672,0,2,2.0,0,1,2.590962057806627,2.0,False,4,1
863,0,3,1,-1.0217556273507902,8,2,0.7519458402879414,0,1,1.0,10,0,0.6505534898354534,3.0,True,0,2
864,0,2,0,-0.4133307931308831,0,0,-0.3866707201133388,0,0,1.0,0,1,-0.5352517461469306,1.0,True,0,2
865,1,2,1,0.9019445603558995,0,0,-0.3866707201133388,0,2,2.0,0,1,-0.3196507941501335,1.0,True,0,2
866,1,2,1,-0.1941182342164193,1,0,-0.3693891181010945,1,1,1.0,1,0,0.11155110984346066,1.0,True,0,2
867,0,1,0,0.09816517766953237,0,0,0.3682954836973478,0,0,1.0,0,1,0.9739549178306489,3.0,False,1,0
868,0,3,0,-0.273262857196961,0,0,-0.45714212526638004,0,0,1.0,0,1,0.0037506338450621194,1.0,True,0,2
869,1,3,0,-1.8747478525606416,1,1,-0.4242561406845337,0,3,0.0,2,0,0.4349525378386563,1.0,True,0,2
870,0,3,0,-0.26718908718790724,0,0,-0.4894421904510968,0,0,1.0,0,1,-1.0742541261389231,0.0,True,0,2
871,1,1,1,1.267298825213339,1,1,0.40974072380221066,0,2,2.0,2,0,2.2675606298114315,3.0,False,4,1
872,0,1,0,0.24430688361250824,0,0,-0.5477482176060045,0,0,1.0,0,1,-0.3196507941501335,0.0,False,2,1
873,0,3,0,1.267298825213339,0,0,-0.46720946885967163,0,0,2.0,0,1,0.0037506338450621194,1.0,True,0,2
874,1,2,1,-0.12104738124493139,1,0,-0.16518916106092355,1,2,1.0,1,0,1.0817553938290476,2.0,True,0,2
875,1,3,1,-1.0709684698742745,0,0,-0.5029485386158568,1,1,1.0,0,1,0.5427530138370548,0.0,True,0,2
876,0,3,0,-0.7056142050168347,0,0,-0.45017955043725955,0,0,1.0,0,1,0.2193515858418592,1.0,True,0,2
877,0,3,0,-0.7786850579883227,0,0,-0.4894421904510968,0,0,1.0,0,1,-0.7508526981437277,0.0,True,0,2
878,0,3,0,-0.12463663341656385,0,0,-0.4894421904510968,0,0,1.0,0,1,-0.9664536501405248,0.0,True,0,2
879,1,1,1,1.9249365019567304,0,1,1.0259447039291216,1,2,3.0,1,0,1.944159201816236,3.0,False,3,0
880,1,2,1,-0.34025994015939515,0,1,-0.12491978668775715,0,2,1.0,1,0,1.8363587258178373,2.0,True,0,2
881,0,3,0,0.24430688361250824,0,0,-0.4894421904510968,0,0,1.0,0,1,-0.9664536501405248,0.0,True,0,2
882,0,3,1,-0.5594724990738589,0,0,-0.4366711888037809,0,1,1.0,0,1,0.11155110984346066,1.0,True,0,2
883,0,2,0,-0.12104738124493139,0,0,-0.43700743807979686,0,0,1.0,0,1,0.2193515858418592,1.0,True,0,2
884,0,3,0,-0.34025994015939515,0,0,-0.5064721088735089,0,0,1.0,0,1,-0.5352517461469306,0.0,True,0,2
885,0,3,1,0.6827320014414358,0,5,-0.061998889229684634,2,2,2.0,5,0,0.9739549178306489,2.0,True,0,2
886,0,2,0,-0.1941182342164193,0,0,-0.3866707201133388,0,4,1.0,0,1,-0.6430522221453292,1.0,True,0,2
887,1,1,1,-0.7786850579883227,0,0,-0.044381037941424326,0,1,1.0,0,1,0.11155110984346066,2.0,False,2,0
888,0,3,1,-1.7222790806414416,1,2,-0.17626323901354432,0,1,0.0,3,0,1.4051568218242432,2.0,True,0,2
889,1,1,0,-0.26718908718790724,0,0,-0.044381037941424326,1,0,1.0,0,1,-0.6430522221453292,2.0,False,3,0
890,0,3,0,0.1712360306410203,0,0,-0.49237782784290063,2,0,1.0,0,1,-0.8586531741421263,0.0,True,0,2
